time,latitude,longitude,sst
UTC,degrees_north,degrees_east,degree_C
2021-01-01T12:00:00Z,42.9955492889468,-87.7107369122681,4.79
2021-01-02T12:00:00Z,42.9955492889468,-87.7107369122681,4.76
2021-01-03T12:00:00Z,42.9955492889468,-87.7107369122681,4.71
2021-01-04T12:00:00Z,42.9955492889468,-87.7107369122681,4.62
2021-01-05T12:00:00Z,42.9955492889468,-87.7107369122681,4.44
2021-01-06T12:00:00Z,42.9955492889468,-87.7107369122681,4.25
2021-01-07T12:00:00Z,42.9955492889468,-87.7107369122681,4.22
2021-01-08T12:00:00Z,42.9955492889468,-87.7107369122681,4.29
2021-01-09T12:00:00Z,42.9955492889468,-87.7107369122681,4.33
2021-01-10T12:00:00Z,42.9955492889468,-87.7107369122681,4.3
2021-01-11T12:00:00Z,42.9955492889468,-87.7107369122681,4.24
2021-01-12T12:00:00Z,42.9955492889468,-87.7107369122681,4.21
2021-01-13T12:00:00Z,42.9955492889468,-87.7107369122681,4.2
2021-01-14T12:00:00Z,42.9955492889468,-87.7107369122681,4.19
2021-01-15T12:00:00Z,42.9955492889468,-87.7107369122681,4.06
2021-01-16T12:00:00Z,42.9955492889468,-87.7107369122681,3.98
2021-01-17T12:00:00Z,42.9955492889468,-87.7107369122681,3.92
2021-01-18T12:00:00Z,42.9955492889468,-87.7107369122681,3.88
2021-01-19T12:00:00Z,42.9955492889468,-87.7107369122681,3.87
2021-01-20T12:00:00Z,42.9955492889468,-87.7107369122681,3.88
2021-01-21T12:00:00Z,42.9955492889468,-87.7107369122681,3.87
2021-01-22T12:00:00Z,42.9955492889468,-87.7107369122681,3.73
2021-01-23T12:00:00Z,42.9955492889468,-87.7107369122681,3.62
2021-01-24T12:00:00Z,42.9955492889468,-87.7107369122681,3.57
2021-01-25T12:00:00Z,42.9955492889468,-87.7107369122681,3.43
2021-01-26T12:00:00Z,42.9955492889468,-87.7107369122681,3.18
2021-01-27T12:00:00Z,42.9955492889468,-87.7107369122681,2.88
2021-01-28T12:00:00Z,42.9955492889468,-87.7107369122681,2.67
2021-01-29T12:00:00Z,42.9955492889468,-87.7107369122681,2.54
2021-01-30T12:00:00Z,42.9955492889468,-87.7107369122681,2.52
2021-01-31T12:00:00Z,42.9955492889468,-87.7107369122681,2.47
2021-02-01T12:00:00Z,42.9955492889468,-87.7107369122681,2.4
2021-02-02T12:00:00Z,42.9955492889468,-87.7107369122681,2.35
2021-02-03T12:00:00Z,42.9955492889468,-87.7107369122681,2.24
2021-02-04T12:00:00Z,42.9955492889468,-87.7107369122681,2.2
2021-02-05T12:00:00Z,42.9955492889468,-87.7107369122681,2.2
2021-02-06T12:00:00Z,42.9955492889468,-87.7107369122681,2.13
2021-02-07T12:00:00Z,42.9955492889468,-87.7107369122681,1.89
2021-02-08T12:00:00Z,42.9955492889468,-87.7107369122681,1.87
2021-02-09T12:00:00Z,42.9955492889468,-87.7107369122681,1.98
2021-02-10T12:00:00Z,42.9955492889468,-87.7107369122681,2.05
2021-02-11T12:00:00Z,42.9955492889468,-87.7107369122681,2.1
2021-02-12T12:00:00Z,42.9955492889468,-87.7107369122681,2.02
2021-02-13T12:00:00Z,42.9955492889468,-87.7107369122681,1.93
2021-02-14T12:00:00Z,42.9955492889468,-87.7107369122681,0.2
2021-02-15T12:00:00Z,42.9955492889468,-87.7107369122681,1.54
2021-02-16T12:00:00Z,42.9955492889468,-87.7107369122681,1.33
2021-02-17T12:00:00Z,42.9955492889468,-87.7107369122681,0.2
2021-02-18T12:00:00Z,42.9955492889468,-87.7107369122681,0.2
2021-02-19T12:00:00Z,42.9955492889468,-87.7107369122681,0.2
2021-02-20T12:00:00Z,42.9955492889468,-87.7107369122681,0.2
2021-02-21T12:00:00Z,42.9955492889468,-87.7107369122681,0.2
2021-02-22T12:00:00Z,42.9955492889468,-87.7107369122681,0.2
2021-02-23T12:00:00Z,42.9955492889468,-87.7107369122681,1.38
2021-02-24T12:00:00Z,42.9955492889468,-87.7107369122681,1.33
2021-02-25T12:00:00Z,42.9955492889468,-87.7107369122681,1.32
2021-02-26T12:00:00Z,42.9955492889468,-87.7107369122681,1.42
2021-02-27T12:00:00Z,42.9955492889468,-87.7107369122681,1.51
2021-02-28T12:00:00Z,42.9955492889468,-87.7107369122681,1.56
2021-03-01T12:00:00Z,42.9955492889468,-87.7107369122681,1.59
2021-03-02T12:00:00Z,42.9955492889468,-87.7107369122681,1.67
2021-03-03T12:00:00Z,42.9955492889468,-87.7107369122681,1.75
2021-03-04T12:00:00Z,42.9955492889468,-87.7107369122681,1.66
2021-03-05T12:00:00Z,42.9955492889468,-87.7107369122681,1.51
2021-03-06T12:00:00Z,42.9955492889468,-87.7107369122681,1.54
2021-03-07T12:00:00Z,42.9955492889468,-87.7107369122681,1.69
2021-03-08T12:00:00Z,42.9955492889468,-87.7107369122681,1.91
2021-03-09T12:00:00Z,42.9955492889468,-87.7107369122681,2.08
2021-03-10T12:00:00Z,42.9955492889468,-87.7107369122681,2.18
2021-03-11T12:00:00Z,42.9955492889468,-87.7107369122681,2.26
2021-03-12T12:00:00Z,42.9955492889468,-87.7107369122681,2.3
2021-03-13T12:00:00Z,42.9955492889468,-87.7107369122681,2.29
2021-03-14T12:00:00Z,42.9955492889468,-87.7107369122681,2.4
2021-03-15T12:00:00Z,42.9955492889468,-87.7107369122681,2.47
2021-03-16T12:00:00Z,42.9955492889468,-87.7107369122681,2.54
2021-03-17T12:00:00Z,42.9955492889468,-87.7107369122681,2.62
2021-03-18T12:00:00Z,42.9955492889468,-87.7107369122681,2.66
2021-03-19T12:00:00Z,42.9955492889468,-87.7107369122681,2.71
2021-03-20T12:00:00Z,42.9955492889468,-87.7107369122681,2.77
2021-03-21T12:00:00Z,42.9955492889468,-87.7107369122681,2.79
2021-03-22T12:00:00Z,42.9955492889468,-87.7107369122681,2.79
2021-03-23T12:00:00Z,42.9955492889468,-87.7107369122681,2.82
2021-03-24T12:00:00Z,42.9955492889468,-87.7107369122681,2.86
2021-03-25T12:00:00Z,42.9955492889468,-87.7107369122681,2.9
2021-03-26T12:00:00Z,42.9955492889468,-87.7107369122681,2.91
2021-03-27T12:00:00Z,42.9955492889468,-87.7107369122681,2.62
2021-03-28T12:00:00Z,42.9955492889468,-87.7107369122681,2.54
2021-03-29T12:00:00Z,42.9955492889468,-87.7107369122681,3.03
2021-03-30T12:00:00Z,42.9955492889468,-87.7107369122681,3.06
2021-03-31T12:00:00Z,42.9955492889468,-87.7107369122681,3.07
2021-04-01T12:00:00Z,42.9955492889468,-87.7107369122681,3.13
2021-04-02T12:00:00Z,42.9955492889468,-87.7107369122681,3.2
2021-04-03T12:00:00Z,42.9955492889468,-87.7107369122681,3.31
2021-04-04T12:00:00Z,42.9955492889468,-87.7107369122681,3.41
2021-04-05T12:00:00Z,42.9955492889468,-87.7107369122681,3.46
2021-04-06T12:00:00Z,42.9955492889468,-87.7107369122681,3.47
2021-04-07T12:00:00Z,42.9955492889468,-87.7107369122681,3.63
2021-04-08T12:00:00Z,42.9955492889468,-87.7107369122681,3.63
2021-04-09T12:00:00Z,42.9955492889468,-87.7107369122681,3.59
2021-04-10T12:00:00Z,42.9955492889468,-87.7107369122681,3.63
2021-04-11T12:00:00Z,42.9955492889468,-87.7107369122681,3.67
2021-04-12T12:00:00Z,42.9955492889468,-87.7107369122681,3.69
2021-04-13T12:00:00Z,42.9955492889468,-87.7107369122681,3.73
2021-04-14T12:00:00Z,42.9955492889468,-87.7107369122681,3.8
2021-04-15T12:00:00Z,42.9955492889468,-87.7107369122681,3.89
2021-04-16T12:00:00Z,42.9955492889468,-87.7107369122681,3.98
2021-04-17T12:00:00Z,42.9955492889468,-87.7107369122681,4.01
2021-04-18T12:00:00Z,42.9955492889468,-87.7107369122681,4.02
2021-04-19T12:00:00Z,42.9955492889468,-87.7107369122681,4.07
2021-04-20T12:00:00Z,42.9955492889468,-87.7107369122681,4.13
2021-04-21T12:00:00Z,42.9955492889468,-87.7107369122681,4.17
2021-04-22T12:00:00Z,42.9955492889468,-87.7107369122681,4.21
2021-04-23T12:00:00Z,42.9955492889468,-87.7107369122681,4.29
2021-04-24T12:00:00Z,42.9955492889468,-87.7107369122681,4.42
2021-04-25T12:00:00Z,42.9955492889468,-87.7107369122681,4.57
2021-04-26T12:00:00Z,42.9955492889468,-87.7107369122681,4.68
2021-04-27T12:00:00Z,42.9955492889468,-87.7107369122681,4.92
2021-04-28T12:00:00Z,42.9955492889468,-87.7107369122681,5.11
2021-04-29T12:00:00Z,42.9955492889468,-87.7107369122681,5.19
2021-04-30T12:00:00Z,42.9955492889468,-87.7107369122681,5.3
2021-05-01T12:00:00Z,42.9955492889468,-87.7107369122681,5.44
2021-05-02T12:00:00Z,42.9955492889468,-87.7107369122681,5.69
2021-05-03T12:00:00Z,42.9955492889468,-87.7107369122681,6.04
2021-05-04T12:00:00Z,42.9955492889468,-87.7107369122681,6.23
2021-05-05T12:00:00Z,42.9955492889468,-87.7107369122681,6.3
2021-05-06T12:00:00Z,42.9955492889468,-87.7107369122681,6.48
2021-05-07T12:00:00Z,42.9955492889468,-87.7107369122681,6.48
2021-05-08T12:00:00Z,42.9955492889468,-87.7107369122681,6.34
2021-05-09T12:00:00Z,42.9955492889468,-87.7107369122681,6.42
2021-05-10T12:00:00Z,42.9955492889468,-87.7107369122681,6.63
2021-05-11T12:00:00Z,42.9955492889468,-87.7107369122681,6.9
2021-05-12T12:00:00Z,42.9955492889468,-87.7107369122681,7.25
2021-05-13T12:00:00Z,42.9955492889468,-87.7107369122681,7.54
2021-05-14T12:00:00Z,42.9955492889468,-87.7107369122681,7.72
2021-05-15T12:00:00Z,42.9955492889468,-87.7107369122681,7.85
2021-05-16T12:00:00Z,42.9955492889468,-87.7107369122681,8.28
2021-05-17T12:00:00Z,42.9955492889468,-87.7107369122681,9.34
2021-05-18T12:00:00Z,42.9955492889468,-87.7107369122681,10.06
2021-05-19T12:00:00Z,42.9955492889468,-87.7107369122681,10.1
2021-05-20T12:00:00Z,42.9955492889468,-87.7107369122681,10.79
2021-05-21T12:00:00Z,42.9955492889468,-87.7107369122681,11.55
2021-05-22T12:00:00Z,42.9955492889468,-87.7107369122681,12.24
2021-05-23T12:00:00Z,42.9955492889468,-87.7107369122681,12.29
2021-05-24T12:00:00Z,42.9955492889468,-87.7107369122681,12.03
2021-05-25T12:00:00Z,42.9955492889468,-87.7107369122681,12.17
2021-05-26T12:00:00Z,42.9955492889468,-87.7107369122681,12.45
2021-05-27T12:00:00Z,42.9955492889468,-87.7107369122681,12.18
2021-05-28T12:00:00Z,42.9955492889468,-87.7107369122681,11.43
2021-05-29T12:00:00Z,42.9955492889468,-87.7107369122681,10.81
2021-05-30T12:00:00Z,42.9955492889468,-87.7107369122681,10.72
2021-05-31T12:00:00Z,42.9955492889468,-87.7107369122681,10.7
2021-06-01T12:00:00Z,42.9955492889468,-87.7107369122681,10.63
2021-06-02T12:00:00Z,42.9955492889468,-87.7107369122681,11.03
2021-06-03T12:00:00Z,42.9955492889468,-87.7107369122681,12.14
2021-06-04T12:00:00Z,42.9955492889468,-87.7107369122681,14.01
2021-06-05T12:00:00Z,42.9955492889468,-87.7107369122681,14.82
2021-06-06T12:00:00Z,42.9955492889468,-87.7107369122681,15.34
2021-06-07T12:00:00Z,42.9955492889468,-87.7107369122681,16.17
2021-06-08T12:00:00Z,42.9955492889468,-87.7107369122681,17.41
2021-06-09T12:00:00Z,42.9955492889468,-87.7107369122681,18.18
2021-06-10T12:00:00Z,42.9955492889468,-87.7107369122681,19.08
2021-06-11T12:00:00Z,42.9955492889468,-87.7107369122681,19.63
2021-06-12T12:00:00Z,42.9955492889468,-87.7107369122681,19.41
2021-06-13T12:00:00Z,42.9955492889468,-87.7107369122681,19.27
2021-06-14T12:00:00Z,42.9955492889468,-87.7107369122681,18.5
2021-06-15T12:00:00Z,42.9955492889468,-87.7107369122681,17.92
2021-06-16T12:00:00Z,42.9955492889468,-87.7107369122681,17.93
2021-06-17T12:00:00Z,42.9955492889468,-87.7107369122681,17.96
2021-06-18T12:00:00Z,42.9955492889468,-87.7107369122681,18.0
2021-06-19T12:00:00Z,42.9955492889468,-87.7107369122681,17.95
2021-06-20T12:00:00Z,42.9955492889468,-87.7107369122681,17.83
2021-06-21T12:00:00Z,42.9955492889468,-87.7107369122681,17.61
2021-06-22T12:00:00Z,42.9955492889468,-87.7107369122681,17.34
2021-06-23T12:00:00Z,42.9955492889468,-87.7107369122681,17.15
2021-06-24T12:00:00Z,42.9955492889468,-87.7107369122681,17.12
2021-06-25T12:00:00Z,42.9955492889468,-87.7107369122681,17.18
2021-06-26T12:00:00Z,42.9955492889468,-87.7107369122681,17.12
2021-06-27T12:00:00Z,42.9955492889468,-87.7107369122681,16.99
2021-06-28T12:00:00Z,42.9955492889468,-87.7107369122681,17.04
2021-06-29T12:00:00Z,42.9955492889468,-87.7107369122681,17.23
2021-06-30T12:00:00Z,42.9955492889468,-87.7107369122681,17.28
2021-07-01T12:00:00Z,42.9955492889468,-87.7107369122681,17.31
2021-07-02T12:00:00Z,42.9955492889468,-87.7107369122681,17.5
2021-07-03T12:00:00Z,42.9955492889468,-87.7107369122681,17.75
2021-07-04T12:00:00Z,42.9955492889468,-87.7107369122681,18.3
2021-07-05T12:00:00Z,42.9955492889468,-87.7107369122681,19.02
2021-07-06T12:00:00Z,42.9955492889468,-87.7107369122681,19.42
2021-07-07T12:00:00Z,42.9955492889468,-87.7107369122681,18.82
2021-07-08T12:00:00Z,42.9955492889468,-87.7107369122681,18.18
2021-07-09T12:00:00Z,42.9955492889468,-87.7107369122681,18.09
2021-07-10T12:00:00Z,42.9955492889468,-87.7107369122681,18.31
2021-07-11T12:00:00Z,42.9955492889468,-87.7107369122681,18.49
2021-07-12T12:00:00Z,42.9955492889468,-87.7107369122681,18.77
2021-07-13T12:00:00Z,42.9955492889468,-87.7107369122681,19.01
2021-07-14T12:00:00Z,42.9955492889468,-87.7107369122681,18.86
2021-07-15T12:00:00Z,42.9955492889468,-87.7107369122681,18.73
2021-07-16T12:00:00Z,42.9955492889468,-87.7107369122681,18.71
2021-07-17T12:00:00Z,42.9955492889468,-87.7107369122681,18.91
2021-07-18T12:00:00Z,42.9955492889468,-87.7107369122681,19.26
2021-07-19T12:00:00Z,42.9955492889468,-87.7107369122681,19.57
2021-07-20T12:00:00Z,42.9955492889468,-87.7107369122681,19.89
2021-07-21T12:00:00Z,42.9955492889468,-87.7107369122681,20.18
2021-07-22T12:00:00Z,42.9955492889468,-87.7107369122681,20.54
2021-07-23T12:00:00Z,42.9955492889468,-87.7107369122681,20.86
2021-07-24T12:00:00Z,42.9955492889468,-87.7107369122681,21.25
2021-07-25T12:00:00Z,42.9955492889468,-87.7107369122681,21.78
2021-07-26T12:00:00Z,42.9955492889468,-87.7107369122681,22.1
2021-07-27T12:00:00Z,42.9955492889468,-87.7107369122681,22.06
2021-07-28T12:00:00Z,42.9955492889468,-87.7107369122681,21.91
2021-07-29T12:00:00Z,42.9955492889468,-87.7107369122681,21.69
2021-07-30T12:00:00Z,42.9955492889468,-87.7107369122681,21.31
2021-07-31T12:00:00Z,42.9955492889468,-87.7107369122681,20.97
2021-08-01T12:00:00Z,42.9955492889468,-87.7107369122681,20.89
2021-08-02T12:00:00Z,42.9955492889468,-87.7107369122681,20.96
2021-08-03T12:00:00Z,42.9955492889468,-87.7107369122681,21.21
2021-08-04T12:00:00Z,42.9955492889468,-87.7107369122681,21.44
2021-08-05T12:00:00Z,42.9955492889468,-87.7107369122681,21.56
2021-08-06T12:00:00Z,42.9955492889468,-87.7107369122681,21.61
2021-08-07T12:00:00Z,42.9955492889468,-87.7107369122681,21.62
2021-08-08T12:00:00Z,42.9955492889468,-87.7107369122681,21.68
2021-08-09T12:00:00Z,42.9955492889468,-87.7107369122681,21.88
2021-08-10T12:00:00Z,42.9955492889468,-87.7107369122681,22.11
2021-08-11T12:00:00Z,42.9955492889468,-87.7107369122681,22.26
2021-08-12T12:00:00Z,42.9955492889468,-87.7107369122681,22.48
2021-08-13T12:00:00Z,42.9955492889468,-87.7107369122681,22.73
2021-08-14T12:00:00Z,42.9955492889468,-87.7107369122681,22.63
2021-08-15T12:00:00Z,42.9955492889468,-87.7107369122681,22.59
2021-08-16T12:00:00Z,42.9955492889468,-87.7107369122681,22.63
2021-08-17T12:00:00Z,42.9955492889468,-87.7107369122681,23.03
2021-08-18T12:00:00Z,42.9955492889468,-87.7107369122681,23.56
2021-08-19T12:00:00Z,42.9955492889468,-87.7107369122681,24.11
2021-08-20T12:00:00Z,42.9955492889468,-87.7107369122681,24.38
2021-08-21T12:00:00Z,42.9955492889468,-87.7107369122681,24.23
2021-08-22T12:00:00Z,42.9955492889468,-87.7107369122681,23.82
2021-08-23T12:00:00Z,42.9955492889468,-87.7107369122681,23.72
2021-08-24T12:00:00Z,42.9955492889468,-87.7107369122681,23.8
2021-08-25T12:00:00Z,42.9955492889468,-87.7107369122681,23.81
2021-08-26T12:00:00Z,42.9955492889468,-87.7107369122681,23.52
2021-08-27T12:00:00Z,42.9955492889468,-87.7107369122681,23.31
2021-08-28T12:00:00Z,42.9955492889468,-87.7107369122681,23.14
2021-08-29T12:00:00Z,42.9955492889468,-87.7107369122681,22.79
2021-08-30T12:00:00Z,42.9955492889468,-87.7107369122681,22.57
2021-08-31T12:00:00Z,42.9955492889468,-87.7107369122681,22.43
2021-09-01T12:00:00Z,42.9955492889468,-87.7107369122681,22.18
2021-09-02T12:00:00Z,42.9955492889468,-87.7107369122681,22.05
2021-09-03T12:00:00Z,42.9955492889468,-87.7107369122681,21.9
2021-09-04T12:00:00Z,42.9955492889468,-87.7107369122681,21.67
2021-09-05T12:00:00Z,42.9955492889468,-87.7107369122681,21.61
2021-09-06T12:00:00Z,42.9955492889468,-87.7107369122681,21.64
2021-09-07T12:00:00Z,42.9955492889468,-87.7107369122681,21.47
2021-09-08T12:00:00Z,42.9955492889468,-87.7107369122681,21.23
2021-09-09T12:00:00Z,42.9955492889468,-87.7107369122681,21.14
2021-09-10T12:00:00Z,42.9955492889468,-87.7107369122681,21.21
2021-09-11T12:00:00Z,42.9955492889468,-87.7107369122681,21.25
2021-09-12T12:00:00Z,42.9955492889468,-87.7107369122681,21.23
2021-09-13T12:00:00Z,42.9955492889468,-87.7107369122681,21.14
2021-09-14T12:00:00Z,42.9955492889468,-87.7107369122681,21.06
2021-09-15T12:00:00Z,42.9955492889468,-87.7107369122681,21.05
2021-09-16T12:00:00Z,42.9955492889468,-87.7107369122681,21.07
2021-09-17T12:00:00Z,42.9955492889468,-87.7107369122681,21.08
2021-09-18T12:00:00Z,42.9955492889468,-87.7107369122681,20.99
2021-09-19T12:00:00Z,42.9955492889468,-87.7107369122681,20.93
2021-09-20T12:00:00Z,42.9955492889468,-87.7107369122681,20.83
2021-09-21T12:00:00Z,42.9955492889468,-87.7107369122681,20.48
2021-09-22T12:00:00Z,42.9955492889468,-87.7107369122681,19.95
2021-09-23T12:00:00Z,42.9955492889468,-87.7107369122681,19.5
2021-09-24T12:00:00Z,42.9955492889468,-87.7107369122681,19.3
2021-09-25T12:00:00Z,42.9955492889468,-87.7107369122681,19.18
2021-09-26T12:00:00Z,42.9955492889468,-87.7107369122681,19.0
2021-09-27T12:00:00Z,42.9955492889468,-87.7107369122681,18.86
2021-09-28T12:00:00Z,42.9955492889468,-87.7107369122681,18.77
2021-09-29T12:00:00Z,42.9955492889468,-87.7107369122681,18.76
2021-09-30T12:00:00Z,42.9955492889468,-87.7107369122681,18.79
2021-10-01T12:00:00Z,42.9955492889468,-87.7107369122681,18.85
2021-10-02T12:00:00Z,42.9955492889468,-87.7107369122681,18.87
2021-10-03T12:00:00Z,42.9955492889468,-87.7107369122681,18.83
2021-10-04T12:00:00Z,42.9955492889468,-87.7107369122681,18.78
2021-10-05T12:00:00Z,42.9955492889468,-87.7107369122681,18.68
2021-10-06T12:00:00Z,42.9955492889468,-87.7107369122681,18.59
2021-10-07T12:00:00Z,42.9955492889468,-87.7107369122681,18.56
2021-10-08T12:00:00Z,42.9955492889468,-87.7107369122681,18.59
2021-10-09T12:00:00Z,42.9955492889468,-87.7107369122681,18.57
2021-10-10T12:00:00Z,42.9955492889468,-87.7107369122681,18.48
2021-10-11T12:00:00Z,42.9955492889468,-87.7107369122681,18.29
2021-10-12T12:00:00Z,42.9955492889468,-87.7107369122681,18.15
2021-10-13T12:00:00Z,42.9955492889468,-87.7107369122681,18.07
2021-10-14T12:00:00Z,42.9955492889468,-87.7107369122681,17.95
2021-10-15T12:00:00Z,42.9955492889468,-87.7107369122681,17.81
2021-10-16T12:00:00Z,42.9955492889468,-87.7107369122681,17.56
2021-10-17T12:00:00Z,42.9955492889468,-87.7107369122681,17.34
2021-10-18T12:00:00Z,42.9955492889468,-87.7107369122681,17.26
2021-10-19T12:00:00Z,42.9955492889468,-87.7107369122681,17.25
2021-10-20T12:00:00Z,42.9955492889468,-87.7107369122681,17.12
2021-10-21T12:00:00Z,42.9955492889468,-87.7107369122681,16.85
2021-10-22T12:00:00Z,42.9955492889468,-87.7107369122681,16.47
2021-10-23T12:00:00Z,42.9955492889468,-87.7107369122681,16.12
2021-10-24T12:00:00Z,42.9955492889468,-87.7107369122681,15.93
2021-10-25T12:00:00Z,42.9955492889468,-87.7107369122681,15.72
2021-10-26T12:00:00Z,42.9955492889468,-87.7107369122681,15.39
2021-10-27T12:00:00Z,42.9955492889468,-87.7107369122681,15.24
2021-10-28T12:00:00Z,42.9955492889468,-87.7107369122681,15.03
2021-10-29T12:00:00Z,42.9955492889468,-87.7107369122681,14.8
2021-10-30T12:00:00Z,42.9955492889468,-87.7107369122681,14.72
2021-10-31T12:00:00Z,42.9955492889468,-87.7107369122681,14.58
2021-11-01T12:00:00Z,42.9955492889468,-87.7107369122681,14.41
2021-11-02T12:00:00Z,42.9955492889468,-87.7107369122681,14.14
2021-11-03T12:00:00Z,42.9955492889468,-87.7107369122681,14.01
2021-11-04T12:00:00Z,42.9955492889468,-87.7107369122681,13.93
2021-11-05T12:00:00Z,42.9955492889468,-87.7107369122681,13.83
2021-11-06T12:00:00Z,42.9955492889468,-87.7107369122681,13.65
2021-11-07T12:00:00Z,42.9955492889468,-87.7107369122681,13.52
2021-11-08T12:00:00Z,42.9955492889468,-87.7107369122681,13.46
2021-11-09T12:00:00Z,42.9955492889468,-87.7107369122681,13.42
2021-11-10T12:00:00Z,42.9955492889468,-87.7107369122681,13.3
2021-11-11T12:00:00Z,42.9955492889468,-87.7107369122681,13.02
2021-11-12T12:00:00Z,42.9955492889468,-87.7107369122681,12.76
2021-11-13T12:00:00Z,42.9955492889468,-87.7107369122681,12.57
2021-11-14T12:00:00Z,42.9955492889468,-87.7107369122681,12.1
2021-11-15T12:00:00Z,42.9955492889468,-87.7107369122681,11.67
2021-11-16T12:00:00Z,42.9955492889468,-87.7107369122681,11.38
2021-11-17T12:00:00Z,42.9955492889468,-87.7107369122681,11.32
2021-11-18T12:00:00Z,42.9955492889468,-87.7107369122681,11.24
2021-11-19T12:00:00Z,42.9955492889468,-87.7107369122681,11.02
2021-11-20T12:00:00Z,42.9955492889468,-87.7107369122681,10.69
2021-11-21T12:00:00Z,42.9955492889468,-87.7107369122681,10.45
2021-11-22T12:00:00Z,42.9955492889468,-87.7107369122681,10.35
2021-11-23T12:00:00Z,42.9955492889468,-87.7107369122681,10.17
2021-11-24T12:00:00Z,42.9955492889468,-87.7107369122681,9.98
2021-11-25T12:00:00Z,42.9955492889468,-87.7107369122681,9.62
2021-11-26T12:00:00Z,42.9955492889468,-87.7107369122681,9.2
2021-11-27T12:00:00Z,42.9955492889468,-87.7107369122681,8.86
2021-11-28T12:00:00Z,42.9955492889468,-87.7107369122681,8.67
2021-11-29T12:00:00Z,42.9955492889468,-87.7107369122681,8.58
2021-11-30T12:00:00Z,42.9955492889468,-87.7107369122681,8.5
2021-12-01T12:00:00Z,42.9955492889468,-87.7107369122681,8.5
2021-12-02T12:00:00Z,42.9955492889468,-87.7107369122681,8.49
2021-12-03T12:00:00Z,42.9955492889468,-87.7107369122681,8.41
2021-12-04T12:00:00Z,42.9955492889468,-87.7107369122681,8.2
2021-12-05T12:00:00Z,42.9955492889468,-87.7107369122681,7.95
2021-12-06T12:00:00Z,42.9955492889468,-87.7107369122681,7.59
2021-12-07T12:00:00Z,42.9955492889468,-87.7107369122681,7.4
2021-12-08T12:00:00Z,42.9955492889468,-87.7107369122681,7.34
2021-12-09T12:00:00Z,42.9955492889468,-87.7107369122681,7.17
2021-12-10T12:00:00Z,42.9955492889468,-87.7107369122681,7.01
2021-12-11T12:00:00Z,42.9955492889468,-87.7107369122681,6.93
2021-12-12T12:00:00Z,42.9955492889468,-87.7107369122681,6.95
2021-12-13T12:00:00Z,42.9955492889468,-87.7107369122681,6.95
2021-12-14T12:00:00Z,42.9955492889468,-87.7107369122681,6.86
2021-12-15T12:00:00Z,42.9955492889468,-87.7107369122681,6.81
2021-12-16T12:00:00Z,42.9955492889468,-87.7107369122681,6.77
2021-12-17T12:00:00Z,42.9955492889468,-87.7107369122681,6.73
2021-12-18T12:00:00Z,42.9955492889468,-87.7107369122681,6.62
2021-12-19T12:00:00Z,42.9955492889468,-87.7107369122681,6.44
2021-12-20T12:00:00Z,42.9955492889468,-87.7107369122681,6.32
2021-12-21T12:00:00Z,42.9955492889468,-87.7107369122681,6.29
2021-12-22T12:00:00Z,42.9955492889468,-87.7107369122681,6.29
2021-12-23T12:00:00Z,42.9955492889468,-87.7107369122681,6.25
2021-12-24T12:00:00Z,42.9955492889468,-87.7107369122681,6.22
2021-12-25T12:00:00Z,42.9955492889468,-87.7107369122681,6.27
2021-12-26T12:00:00Z,42.9955492889468,-87.7107369122681,6.2
2021-12-27T12:00:00Z,42.9955492889468,-87.7107369122681,6.19
2021-12-28T12:00:00Z,42.9955492889468,-87.7107369122681,6.16
2021-12-29T12:00:00Z,42.9955492889468,-87.7107369122681,5.98
2021-12-30T12:00:00Z,42.9955492889468,-87.7107369122681,5.73
2021-12-31T12:00:00Z,42.9955492889468,-87.7107369122681,5.45
2022-01-01T12:00:00Z,42.9955492889468,-87.7107369122681,5.28
2022-01-02T12:00:00Z,42.9955492889468,-87.7107369122681,5.23
2022-01-03T12:00:00Z,42.9955492889468,-87.7107369122681,5.22
2022-01-04T12:00:00Z,42.9955492889468,-87.7107369122681,5.22
2022-01-05T12:00:00Z,42.9955492889468,-87.7107369122681,5.12
2022-01-06T12:00:00Z,42.9955492889468,-87.7107369122681,4.96
2022-01-07T12:00:00Z,42.9955492889468,-87.7107369122681,4.84
2022-01-08T12:00:00Z,42.9955492889468,-87.7107369122681,4.67
2022-01-09T12:00:00Z,42.9955492889468,-87.7107369122681,4.53
2022-01-10T12:00:00Z,42.9955492889468,-87.7107369122681,4.38
2022-01-11T12:00:00Z,42.9955492889468,-87.7107369122681,4.32
2022-01-12T12:00:00Z,42.9955492889468,-87.7107369122681,4.34
2022-01-13T12:00:00Z,42.9955492889468,-87.7107369122681,4.29
2022-01-14T12:00:00Z,42.9955492889468,-87.7107369122681,4.14
2022-01-15T12:00:00Z,42.9955492889468,-87.7107369122681,3.95
2022-01-16T12:00:00Z,42.9955492889468,-87.7107369122681,3.81
2022-01-17T12:00:00Z,42.9955492889468,-87.7107369122681,3.75
2022-01-18T12:00:00Z,42.9955492889468,-87.7107369122681,3.67
2022-01-19T12:00:00Z,42.9955492889468,-87.7107369122681,3.59
2022-01-20T12:00:00Z,42.9955492889468,-87.7107369122681,3.55
2022-01-21T12:00:00Z,42.9955492889468,-87.7107369122681,3.58
2022-01-22T12:00:00Z,42.9955492889468,-87.7107369122681,3.52
2022-01-23T12:00:00Z,42.9955492889468,-87.7107369122681,3.41
2022-01-24T12:00:00Z,42.9955492889468,-87.7107369122681,3.35
2022-01-25T12:00:00Z,42.9955492889468,-87.7107369122681,3.31
2022-01-26T12:00:00Z,42.9955492889468,-87.7107369122681,3.23
2022-01-27T12:00:00Z,42.9955492889468,-87.7107369122681,3.15
2022-01-28T12:00:00Z,42.9955492889468,-87.7107369122681,0.2
2022-01-29T12:00:00Z,42.9955492889468,-87.7107369122681,3.0
2022-01-30T12:00:00Z,42.9955492889468,-87.7107369122681,2.98
2022-01-31T12:00:00Z,42.9955492889468,-87.7107369122681,2.94
2022-02-01T12:00:00Z,42.9955492889468,-87.7107369122681,0.2
2022-02-02T12:00:00Z,42.9955492889468,-87.7107369122681,2.86
2022-02-03T12:00:00Z,42.9955492889468,-87.7107369122681,2.73
2022-02-04T12:00:00Z,42.9955492889468,-87.7107369122681,2.57
2022-02-05T12:00:00Z,42.9955492889468,-87.7107369122681,2.45
2022-02-06T12:00:00Z,42.9955492889468,-87.7107369122681,2.14
2022-02-07T12:00:00Z,42.9955492889468,-87.7107369122681,2.06
2022-02-08T12:00:00Z,42.9955492889468,-87.7107369122681,2.07
2022-02-09T12:00:00Z,42.9955492889468,-87.7107369122681,2.1
2022-02-10T12:00:00Z,42.9955492889468,-87.7107369122681,2.09
2022-02-11T12:00:00Z,42.9955492889468,-87.7107369122681,2.09
2022-02-12T12:00:00Z,42.9955492889468,-87.7107369122681,2.08
2022-02-13T12:00:00Z,42.9955492889468,-87.7107369122681,2.05
2022-02-14T12:00:00Z,42.9955492889468,-87.7107369122681,2.02
2022-02-15T12:00:00Z,42.9955492889468,-87.7107369122681,2.05
2022-02-16T12:00:00Z,42.9955492889468,-87.7107369122681,2.07
2022-02-17T12:00:00Z,42.9955492889468,-87.7107369122681,2.07
2022-02-18T12:00:00Z,42.9955492889468,-87.7107369122681,2.06
2022-02-19T12:00:00Z,42.9955492889468,-87.7107369122681,2.06
2022-02-20T12:00:00Z,42.9955492889468,-87.7107369122681,2.14
2022-02-21T12:00:00Z,42.9955492889468,-87.7107369122681,2.13
2022-02-22T12:00:00Z,42.9955492889468,-87.7107369122681,1.96
2022-02-23T12:00:00Z,42.9955492889468,-87.7107369122681,1.68
2022-02-24T12:00:00Z,42.9955492889468,-87.7107369122681,1.31
2022-02-25T12:00:00Z,42.9955492889468,-87.7107369122681,0.98
2022-02-26T12:00:00Z,42.9955492889468,-87.7107369122681,0.2
2022-02-27T12:00:00Z,42.9955492889468,-87.7107369122681,0.9
2022-02-28T12:00:00Z,42.9955492889468,-87.7107369122681,0.99
2022-03-01T12:00:00Z,42.9955492889468,-87.7107369122681,1.0
2022-03-02T12:00:00Z,42.9955492889468,-87.7107369122681,0.97
2022-03-03T12:00:00Z,42.9955492889468,-87.7107369122681,0.93
2022-03-04T12:00:00Z,42.9955492889468,-87.7107369122681,1.06
2022-03-05T12:00:00Z,42.9955492889468,-87.7107369122681,1.26
2022-03-06T12:00:00Z,42.9955492889468,-87.7107369122681,1.33
2022-03-07T12:00:00Z,42.9955492889468,-87.7107369122681,1.26
2022-03-08T12:00:00Z,42.9955492889468,-87.7107369122681,1.22
2022-03-09T12:00:00Z,42.9955492889468,-87.7107369122681,1.24
2022-03-10T12:00:00Z,42.9955492889468,-87.7107369122681,1.28
2022-03-11T12:00:00Z,42.9955492889468,-87.7107369122681,1.29
2022-03-12T12:00:00Z,42.9955492889468,-87.7107369122681,1.28
2022-03-13T12:00:00Z,42.9955492889468,-87.7107369122681,1.37
2022-03-14T12:00:00Z,42.9955492889468,-87.7107369122681,1.45
2022-03-15T12:00:00Z,42.9955492889468,-87.7107369122681,1.51
2022-03-16T12:00:00Z,42.9955492889468,-87.7107369122681,1.53
2022-03-17T12:00:00Z,42.9955492889468,-87.7107369122681,1.59
2022-03-18T12:00:00Z,42.9955492889468,-87.7107369122681,1.83
2022-03-19T12:00:00Z,42.9955492889468,-87.7107369122681,2.01
2022-03-20T12:00:00Z,42.9955492889468,-87.7107369122681,2.08
2022-03-21T12:00:00Z,42.9955492889468,-87.7107369122681,1.97
2022-03-22T12:00:00Z,42.9955492889468,-87.7107369122681,1.91
2022-03-23T12:00:00Z,42.9955492889468,-87.7107369122681,1.92
2022-03-24T12:00:00Z,42.9955492889468,-87.7107369122681,1.92
2022-03-25T12:00:00Z,42.9955492889468,-87.7107369122681,1.9
2022-03-26T12:00:00Z,42.9955492889468,-87.7107369122681,1.89
2022-03-27T12:00:00Z,42.9955492889468,-87.7107369122681,1.86
2022-03-28T12:00:00Z,42.9955492889468,-87.7107369122681,1.86
2022-03-29T12:00:00Z,42.9955492889468,-87.7107369122681,1.87
2022-03-30T12:00:00Z,42.9955492889468,-87.7107369122681,1.93
2022-03-31T12:00:00Z,42.9955492889468,-87.7107369122681,2.04
2022-04-01T12:00:00Z,42.9955492889468,-87.7107369122681,2.13
2022-04-02T12:00:00Z,42.9955492889468,-87.7107369122681,2.09
2022-04-03T12:00:00Z,42.9955492889468,-87.7107369122681,2.02
2022-04-04T12:00:00Z,42.9955492889468,-87.7107369122681,2.06
2022-04-05T12:00:00Z,42.9955492889468,-87.7107369122681,2.16
2022-04-06T12:00:00Z,42.9955492889468,-87.7107369122681,2.25
2022-04-07T12:00:00Z,42.9955492889468,-87.7107369122681,2.4
2022-04-08T12:00:00Z,42.9955492889468,-87.7107369122681,2.49
2022-04-09T12:00:00Z,42.9955492889468,-87.7107369122681,2.51
2022-04-10T12:00:00Z,42.9955492889468,-87.7107369122681,2.56
2022-04-11T12:00:00Z,42.9955492889468,-87.7107369122681,2.64
2022-04-12T12:00:00Z,42.9955492889468,-87.7107369122681,2.54
2022-04-13T12:00:00Z,42.9955492889468,-87.7107369122681,2.68
2022-04-14T12:00:00Z,42.9955492889468,-87.7107369122681,2.75
2022-04-15T12:00:00Z,42.9955492889468,-87.7107369122681,2.76
2022-04-16T12:00:00Z,42.9955492889468,-87.7107369122681,2.78
2022-04-17T12:00:00Z,42.9955492889468,-87.7107369122681,2.79
2022-04-18T12:00:00Z,42.9955492889468,-87.7107369122681,2.85
2022-04-19T12:00:00Z,42.9955492889468,-87.7107369122681,2.98
2022-04-20T12:00:00Z,42.9955492889468,-87.7107369122681,3.18
2022-04-21T12:00:00Z,42.9955492889468,-87.7107369122681,3.28
2022-04-22T12:00:00Z,42.9955492889468,-87.7107369122681,3.24
2022-04-23T12:00:00Z,42.9955492889468,-87.7107369122681,3.22
2022-04-24T12:00:00Z,42.9955492889468,-87.7107369122681,3.23
2022-04-25T12:00:00Z,42.9955492889468,-87.7107369122681,3.24
2022-04-26T12:00:00Z,42.9955492889468,-87.7107369122681,3.2
2022-04-27T12:00:00Z,42.9955492889468,-87.7107369122681,3.16
2022-04-28T12:00:00Z,42.9955492889468,-87.7107369122681,3.19
2022-04-29T12:00:00Z,42.9955492889468,-87.7107369122681,3.27
2022-04-30T12:00:00Z,42.9955492889468,-87.7107369122681,3.41
2022-05-01T12:00:00Z,42.9955492889468,-87.7107369122681,3.62
2022-05-02T12:00:00Z,42.9955492889468,-87.7107369122681,3.81
2022-05-03T12:00:00Z,42.9955492889468,-87.7107369122681,3.9
2022-05-04T12:00:00Z,42.9955492889468,-87.7107369122681,3.95
2022-05-05T12:00:00Z,42.9955492889468,-87.7107369122681,4.02
2022-05-06T12:00:00Z,42.9955492889468,-87.7107369122681,4.12
2022-05-07T12:00:00Z,42.9955492889468,-87.7107369122681,4.22
2022-05-08T12:00:00Z,42.9955492889468,-87.7107369122681,4.48
2022-05-09T12:00:00Z,42.9955492889468,-87.7107369122681,4.96
2022-05-10T12:00:00Z,42.9955492889468,-87.7107369122681,5.05
2022-05-11T12:00:00Z,42.9955492889468,-87.7107369122681,4.97
2022-05-12T12:00:00Z,42.9955492889468,-87.7107369122681,5.17
2022-05-13T12:00:00Z,42.9955492889468,-87.7107369122681,5.83
2022-05-14T12:00:00Z,42.9955492889468,-87.7107369122681,6.42
2022-05-15T12:00:00Z,42.9955492889468,-87.7107369122681,6.7
2022-05-16T12:00:00Z,42.9955492889468,-87.7107369122681,6.76
2022-05-17T12:00:00Z,42.9955492889468,-87.7107369122681,7.04
2022-05-18T12:00:00Z,42.9955492889468,-87.7107369122681,7.9
2022-05-19T12:00:00Z,42.9955492889468,-87.7107369122681,8.52
2022-05-20T12:00:00Z,42.9955492889468,-87.7107369122681,9.07
2022-05-21T12:00:00Z,42.9955492889468,-87.7107369122681,9.27
2022-05-22T12:00:00Z,42.9955492889468,-87.7107369122681,9.36
2022-05-23T12:00:00Z,42.9955492889468,-87.7107369122681,9.53
2022-05-24T12:00:00Z,42.9955492889468,-87.7107369122681,9.56
2022-05-25T12:00:00Z,42.9955492889468,-87.7107369122681,9.22
2022-05-26T12:00:00Z,42.9955492889468,-87.7107369122681,8.58
2022-05-27T12:00:00Z,42.9955492889468,-87.7107369122681,8.1
2022-05-28T12:00:00Z,42.9955492889468,-87.7107369122681,8.0
2022-05-29T12:00:00Z,42.9955492889468,-87.7107369122681,8.42
2022-05-30T12:00:00Z,42.9955492889468,-87.7107369122681,9.38
2022-05-31T12:00:00Z,42.9955492889468,-87.7107369122681,10.47
2022-06-01T12:00:00Z,42.9955492889468,-87.7107369122681,11.23
2022-06-02T12:00:00Z,42.9955492889468,-87.7107369122681,11.62
2022-06-03T12:00:00Z,42.9955492889468,-87.7107369122681,11.67
2022-06-04T12:00:00Z,42.9955492889468,-87.7107369122681,11.62
2022-06-05T12:00:00Z,42.9955492889468,-87.7107369122681,11.48
2022-06-06T12:00:00Z,42.9955492889468,-87.7107369122681,11.3
2022-06-07T12:00:00Z,42.9955492889468,-87.7107369122681,11.27
2022-06-08T12:00:00Z,42.9955492889468,-87.7107369122681,11.35
2022-06-09T12:00:00Z,42.9955492889468,-87.7107369122681,11.49
2022-06-10T12:00:00Z,42.9955492889468,-87.7107369122681,11.76
2022-06-11T12:00:00Z,42.9955492889468,-87.7107369122681,12.09
2022-06-12T12:00:00Z,42.9955492889468,-87.7107369122681,12.44
2022-06-13T12:00:00Z,42.9955492889468,-87.7107369122681,12.64
2022-06-14T12:00:00Z,42.9955492889468,-87.7107369122681,13.09
2022-06-15T12:00:00Z,42.9955492889468,-87.7107369122681,13.89
2022-06-16T12:00:00Z,42.9955492889468,-87.7107369122681,14.33
2022-06-17T12:00:00Z,42.9955492889468,-87.7107369122681,14.47
2022-06-18T12:00:00Z,42.9955492889468,-87.7107369122681,14.61
2022-06-19T12:00:00Z,42.9955492889468,-87.7107369122681,14.71
2022-06-20T12:00:00Z,42.9955492889468,-87.7107369122681,15.22
2022-06-21T12:00:00Z,42.9955492889468,-87.7107369122681,16.21
2022-06-22T12:00:00Z,42.9955492889468,-87.7107369122681,16.86
2022-06-23T12:00:00Z,42.9955492889468,-87.7107369122681,17.42
2022-06-24T12:00:00Z,42.9955492889468,-87.7107369122681,17.54
2022-06-25T12:00:00Z,42.9955492889468,-87.7107369122681,17.51
2022-06-26T12:00:00Z,42.9955492889468,-87.7107369122681,17.41
2022-06-27T12:00:00Z,42.9955492889468,-87.7107369122681,17.47
2022-06-28T12:00:00Z,42.9955492889468,-87.7107369122681,17.51
2022-06-29T12:00:00Z,42.9955492889468,-87.7107369122681,17.65
2022-06-30T12:00:00Z,42.9955492889468,-87.7107369122681,18.01
2022-07-01T12:00:00Z,42.9955492889468,-87.7107369122681,18.38
2022-07-02T12:00:00Z,42.9955492889468,-87.7107369122681,18.78
2022-07-03T12:00:00Z,42.9955492889468,-87.7107369122681,19.27
2022-07-04T12:00:00Z,42.9955492889468,-87.7107369122681,19.37
2022-07-05T12:00:00Z,42.9955492889468,-87.7107369122681,19.35
2022-07-06T12:00:00Z,42.9955492889468,-87.7107369122681,19.37
2022-07-07T12:00:00Z,42.9955492889468,-87.7107369122681,19.46
2022-07-08T12:00:00Z,42.9955492889468,-87.7107369122681,19.7
2022-07-09T12:00:00Z,42.9955492889468,-87.7107369122681,19.83
2022-07-10T12:00:00Z,42.9955492889468,-87.7107369122681,19.98
2022-07-11T12:00:00Z,42.9955492889468,-87.7107369122681,20.16
2022-07-12T12:00:00Z,42.9955492889468,-87.7107369122681,20.23
2022-07-13T12:00:00Z,42.9955492889468,-87.7107369122681,20.22
2022-07-14T12:00:00Z,42.9955492889468,-87.7107369122681,20.3
2022-07-15T12:00:00Z,42.9955492889468,-87.7107369122681,20.37
2022-07-16T12:00:00Z,42.9955492889468,-87.7107369122681,20.53
2022-07-17T12:00:00Z,42.9955492889468,-87.7107369122681,20.79
2022-07-18T12:00:00Z,42.9955492889468,-87.7107369122681,21.04
2022-07-19T12:00:00Z,42.9955492889468,-87.7107369122681,21.07
2022-07-20T12:00:00Z,42.9955492889468,-87.7107369122681,20.95
2022-07-21T12:00:00Z,42.9955492889468,-87.7107369122681,21.09
2022-07-22T12:00:00Z,42.9955492889468,-87.7107369122681,21.16
2022-07-23T12:00:00Z,42.9955492889468,-87.7107369122681,21.02
2022-07-24T12:00:00Z,42.9955492889468,-87.7107369122681,20.81
2022-07-25T12:00:00Z,42.9955492889468,-87.7107369122681,20.69
2022-07-26T12:00:00Z,42.9955492889468,-87.7107369122681,20.81
2022-07-27T12:00:00Z,42.9955492889468,-87.7107369122681,20.98
2022-07-28T12:00:00Z,42.9955492889468,-87.7107369122681,21.06
2022-07-29T12:00:00Z,42.9955492889468,-87.7107369122681,21.2
2022-07-30T12:00:00Z,42.9955492889468,-87.7107369122681,21.37
2022-07-31T12:00:00Z,42.9955492889468,-87.7107369122681,21.38
2022-08-01T12:00:00Z,42.9955492889468,-87.7107369122681,21.33
2022-08-02T12:00:00Z,42.9955492889468,-87.7107369122681,21.35
2022-08-03T12:00:00Z,42.9955492889468,-87.7107369122681,21.25
2022-08-04T12:00:00Z,42.9955492889468,-87.7107369122681,21.07
2022-08-05T12:00:00Z,42.9955492889468,-87.7107369122681,21.3
2022-08-06T12:00:00Z,42.9955492889468,-87.7107369122681,21.66
2022-08-07T12:00:00Z,42.9955492889468,-87.7107369122681,21.26
2022-08-08T12:00:00Z,42.9955492889468,-87.7107369122681,20.37
2022-08-09T12:00:00Z,42.9955492889468,-87.7107369122681,19.96
2022-08-10T12:00:00Z,42.9955492889468,-87.7107369122681,20.03
2022-08-11T12:00:00Z,42.9955492889468,-87.7107369122681,19.81
2022-08-12T12:00:00Z,42.9955492889468,-87.7107369122681,19.62
2022-08-13T12:00:00Z,42.9955492889468,-87.7107369122681,19.7
2022-08-14T12:00:00Z,42.9955492889468,-87.7107369122681,19.69
2022-08-15T12:00:00Z,42.9955492889468,-87.7107369122681,19.46
2022-08-16T12:00:00Z,42.9955492889468,-87.7107369122681,19.47
2022-08-17T12:00:00Z,42.9955492889468,-87.7107369122681,19.85
2022-08-18T12:00:00Z,42.9955492889468,-87.7107369122681,20.23
2022-08-19T12:00:00Z,42.9955492889468,-87.7107369122681,20.32
2022-08-20T12:00:00Z,42.9955492889468,-87.7107369122681,20.54
2022-08-21T12:00:00Z,42.9955492889468,-87.7107369122681,20.69
2022-08-22T12:00:00Z,42.9955492889468,-87.7107369122681,20.91
2022-08-23T12:00:00Z,42.9955492889468,-87.7107369122681,21.22
2022-08-24T12:00:00Z,42.9955492889468,-87.7107369122681,21.29
2022-08-25T12:00:00Z,42.9955492889468,-87.7107369122681,21.2
2022-08-26T12:00:00Z,42.9955492889468,-87.7107369122681,21.12
2022-08-27T12:00:00Z,42.9955492889468,-87.7107369122681,21.13
2022-08-28T12:00:00Z,42.9955492889468,-87.7107369122681,21.19
2022-08-29T12:00:00Z,42.9955492889468,-87.7107369122681,21.23
2022-08-30T12:00:00Z,42.9955492889468,-87.7107369122681,21.2
2022-08-31T12:00:00Z,42.9955492889468,-87.7107369122681,21.28
2022-09-01T12:00:00Z,42.9955492889468,-87.7107369122681,21.36
2022-09-02T12:00:00Z,42.9955492889468,-87.7107369122681,21.32
2022-09-03T12:00:00Z,42.9955492889468,-87.7107369122681,21.22
2022-09-04T12:00:00Z,42.9955492889468,-87.7107369122681,20.89
2022-09-05T12:00:00Z,42.9955492889468,-87.7107369122681,20.66
2022-09-06T12:00:00Z,42.9955492889468,-87.7107369122681,20.8
2022-09-07T12:00:00Z,42.9955492889468,-87.7107369122681,21.0
2022-09-08T12:00:00Z,42.9955492889468,-87.7107369122681,20.98
2022-09-09T12:00:00Z,42.9955492889468,-87.7107369122681,20.9
2022-09-10T12:00:00Z,42.9955492889468,-87.7107369122681,20.85
2022-09-11T12:00:00Z,42.9955492889468,-87.7107369122681,20.74
2022-09-12T12:00:00Z,42.9955492889468,-87.7107369122681,20.47
2022-09-13T12:00:00Z,42.9955492889468,-87.7107369122681,20.26
2022-09-14T12:00:00Z,42.9955492889468,-87.7107369122681,20.14
2022-09-15T12:00:00Z,42.9955492889468,-87.7107369122681,20.06
2022-09-16T12:00:00Z,42.9955492889468,-87.7107369122681,20.19
2022-09-17T12:00:00Z,42.9955492889468,-87.7107369122681,20.32
2022-09-18T12:00:00Z,42.9955492889468,-87.7107369122681,20.51
2022-09-19T12:00:00Z,42.9955492889468,-87.7107369122681,20.55
2022-09-20T12:00:00Z,42.9955492889468,-87.7107369122681,20.42
2022-09-21T12:00:00Z,42.9955492889468,-87.7107369122681,20.11
2022-09-22T12:00:00Z,42.9955492889468,-87.7107369122681,19.68
2022-09-23T12:00:00Z,42.9955492889468,-87.7107369122681,19.24
2022-09-24T12:00:00Z,42.9955492889468,-87.7107369122681,18.85
2022-09-25T12:00:00Z,42.9955492889468,-87.7107369122681,18.52
2022-09-26T12:00:00Z,42.9955492889468,-87.7107369122681,18.32
2022-09-27T12:00:00Z,42.9955492889468,-87.7107369122681,17.9
2022-09-28T12:00:00Z,42.9955492889468,-87.7107369122681,17.49
2022-09-29T12:00:00Z,42.9955492889468,-87.7107369122681,17.28
2022-09-30T12:00:00Z,42.9955492889468,-87.7107369122681,17.22
2022-10-01T12:00:00Z,42.9955492889468,-87.7107369122681,17.16
2022-10-02T12:00:00Z,42.9955492889468,-87.7107369122681,17.12
2022-10-03T12:00:00Z,42.9955492889468,-87.7107369122681,17.2
2022-10-04T12:00:00Z,42.9955492889468,-87.7107369122681,17.08
2022-10-05T12:00:00Z,42.9955492889468,-87.7107369122681,16.93
2022-10-06T12:00:00Z,42.9955492889468,-87.7107369122681,16.78
2022-10-07T12:00:00Z,42.9955492889468,-87.7107369122681,16.49
2022-10-08T12:00:00Z,42.9955492889468,-87.7107369122681,16.28
2022-10-09T12:00:00Z,42.9955492889468,-87.7107369122681,16.1
2022-10-10T12:00:00Z,42.9955492889468,-87.7107369122681,15.95
2022-10-11T12:00:00Z,42.9955492889468,-87.7107369122681,15.85
2022-10-12T12:00:00Z,42.9955492889468,-87.7107369122681,15.63
2022-10-13T12:00:00Z,42.9955492889468,-87.7107369122681,15.32
2022-10-14T12:00:00Z,42.9955492889468,-87.7107369122681,14.93
2022-10-15T12:00:00Z,42.9955492889468,-87.7107369122681,14.67
2022-10-16T12:00:00Z,42.9955492889468,-87.7107369122681,14.47
2022-10-17T12:00:00Z,42.9955492889468,-87.7107369122681,14.06
2022-10-18T12:00:00Z,42.9955492889468,-87.7107369122681,13.45
2022-10-19T12:00:00Z,42.9955492889468,-87.7107369122681,13.01
2022-10-20T12:00:00Z,42.9955492889468,-87.7107369122681,12.75
2022-10-21T12:00:00Z,42.9955492889468,-87.7107369122681,12.73
2022-10-22T12:00:00Z,42.9955492889468,-87.7107369122681,12.83
2022-10-23T12:00:00Z,42.9955492889468,-87.7107369122681,12.81
2022-10-24T12:00:00Z,42.9955492889468,-87.7107369122681,12.72
2022-10-25T12:00:00Z,42.9955492889468,-87.7107369122681,12.51
2022-10-26T12:00:00Z,42.9955492889468,-87.7107369122681,12.21
2022-10-27T12:00:00Z,42.9955492889468,-87.7107369122681,12.02
2022-10-28T12:00:00Z,42.9955492889468,-87.7107369122681,11.99
2022-10-29T12:00:00Z,42.9955492889468,-87.7107369122681,12.03
2022-10-30T12:00:00Z,42.9955492889468,-87.7107369122681,12.11
2022-10-31T12:00:00Z,42.9955492889468,-87.7107369122681,12.08
2022-11-01T12:00:00Z,42.9955492889468,-87.7107369122681,12.11
2022-11-02T12:00:00Z,42.9955492889468,-87.7107369122681,12.1
2022-11-03T12:00:00Z,42.9955492889468,-87.7107369122681,12.03
2022-11-04T12:00:00Z,42.9955492889468,-87.7107369122681,11.98
2022-11-05T12:00:00Z,42.9955492889468,-87.7107369122681,11.78
2022-11-06T12:00:00Z,42.9955492889468,-87.7107369122681,11.32
2022-11-07T12:00:00Z,42.9955492889468,-87.7107369122681,10.6
2022-11-08T12:00:00Z,42.9955492889468,-87.7107369122681,10.0
2022-11-09T12:00:00Z,42.9955492889468,-87.7107369122681,9.94
2022-11-10T12:00:00Z,42.9955492889468,-87.7107369122681,9.9
2022-11-11T12:00:00Z,42.9955492889468,-87.7107369122681,9.6
2022-11-12T12:00:00Z,42.9955492889468,-87.7107369122681,9.14
2022-11-13T12:00:00Z,42.9955492889468,-87.7107369122681,8.47
2022-11-14T12:00:00Z,42.9955492889468,-87.7107369122681,7.99
2022-11-15T12:00:00Z,42.9955492889468,-87.7107369122681,7.76
2022-11-16T12:00:00Z,42.9955492889468,-87.7107369122681,7.49
2022-11-17T12:00:00Z,42.9955492889468,-87.7107369122681,7.35
2022-11-18T12:00:00Z,42.9955492889468,-87.7107369122681,7.26
2022-11-19T12:00:00Z,42.9955492889468,-87.7107369122681,7.15
2022-11-20T12:00:00Z,42.9955492889468,-87.7107369122681,7.1
2022-11-21T12:00:00Z,42.9955492889468,-87.7107369122681,7.07
2022-11-22T12:00:00Z,42.9955492889468,-87.7107369122681,7.05
2022-11-23T12:00:00Z,42.9955492889468,-87.7107369122681,7.08
2022-11-24T12:00:00Z,42.9955492889468,-87.7107369122681,7.07
2022-11-25T12:00:00Z,42.9955492889468,-87.7107369122681,7.05
2022-11-26T12:00:00Z,42.9955492889468,-87.7107369122681,7.08
2022-11-27T12:00:00Z,42.9955492889468,-87.7107369122681,6.94
2022-11-28T12:00:00Z,42.9955492889468,-87.7107369122681,6.72
2022-11-29T12:00:00Z,42.9955492889468,-87.7107369122681,6.62
2022-11-30T12:00:00Z,42.9955492889468,-87.7107369122681,6.48
2022-12-01T12:00:00Z,42.9955492889468,-87.7107369122681,6.4
2022-12-02T12:00:00Z,42.9955492889468,-87.7107369122681,6.36
2022-12-03T12:00:00Z,42.9955492889468,-87.7107369122681,6.29
2022-12-04T12:00:00Z,42.9955492889468,-87.7107369122681,6.24
2022-12-05T12:00:00Z,42.9955492889468,-87.7107369122681,6.18
2022-12-06T12:00:00Z,42.9955492889468,-87.7107369122681,6.17
2022-12-07T12:00:00Z,42.9955492889468,-87.7107369122681,6.15
2022-12-08T12:00:00Z,42.9955492889468,-87.7107369122681,6.17
2022-12-09T12:00:00Z,42.9955492889468,-87.7107369122681,6.19
2022-12-10T12:00:00Z,42.9955492889468,-87.7107369122681,6.2
2022-12-11T12:00:00Z,42.9955492889468,-87.7107369122681,6.13
2022-12-12T12:00:00Z,42.9955492889468,-87.7107369122681,6.07
2022-12-13T12:00:00Z,42.9955492889468,-87.7107369122681,6.02
2022-12-14T12:00:00Z,42.9955492889468,-87.7107369122681,5.78
2022-12-15T12:00:00Z,42.9955492889468,-87.7107369122681,5.29
2022-12-16T12:00:00Z,42.9955492889468,-87.7107369122681,5.13
2022-12-17T12:00:00Z,42.9955492889468,-87.7107369122681,5.01
2022-12-18T12:00:00Z,42.9955492889468,-87.7107369122681,5.05
2022-12-19T12:00:00Z,42.9955492889468,-87.7107369122681,5.11
2022-12-20T12:00:00Z,42.9955492889468,-87.7107369122681,5.18
2022-12-21T12:00:00Z,42.9955492889468,-87.7107369122681,5.19
2022-12-22T12:00:00Z,42.9955492889468,-87.7107369122681,5.02
2022-12-23T12:00:00Z,42.9955492889468,-87.7107369122681,4.71
2022-12-24T12:00:00Z,42.9955492889468,-87.7107369122681,4.48
2022-12-25T12:00:00Z,42.9955492889468,-87.7107369122681,4.39
2022-12-26T12:00:00Z,42.9955492889468,-87.7107369122681,4.29
2022-12-27T12:00:00Z,42.9955492889468,-87.7107369122681,4.24
2022-12-28T12:00:00Z,42.9955492889468,-87.7107369122681,4.37
2022-12-29T12:00:00Z,42.9955492889468,-87.7107369122681,4.53
2022-12-30T12:00:00Z,42.9955492889468,-87.7107369122681,4.53
2022-12-31T12:00:00Z,42.9955492889468,-87.7107369122681,4.41
2023-01-01T12:00:00Z,42.9955492889468,-87.7107369122681,4.34
2023-01-02T12:00:00Z,42.9955492889468,-87.7107369122681,4.32
2023-01-03T12:00:00Z,42.9955492889468,-87.7107369122681,4.28
2023-01-04T12:00:00Z,42.9955492889468,-87.7107369122681,4.24
2023-01-05T12:00:00Z,42.9955492889468,-87.7107369122681,4.18
2023-01-06T12:00:00Z,42.9955492889468,-87.7107369122681,4.13
2023-01-07T12:00:00Z,42.9955492889468,-87.7107369122681,4.11
2023-01-08T12:00:00Z,42.9955492889468,-87.7107369122681,4.09
2023-01-09T12:00:00Z,42.9955492889468,-87.7107369122681,4.13
2023-01-10T12:00:00Z,42.9955492889468,-87.7107369122681,4.18
2023-01-11T12:00:00Z,42.9955492889468,-87.7107369122681,4.16
2023-01-12T12:00:00Z,42.9955492889468,-87.7107369122681,4.09
2023-01-13T12:00:00Z,42.9955492889468,-87.7107369122681,4.01
2023-01-14T12:00:00Z,42.9955492889468,-87.7107369122681,3.95
2023-01-15T12:00:00Z,42.9955492889468,-87.7107369122681,3.9
2023-01-16T12:00:00Z,42.9955492889468,-87.7107369122681,3.87
2023-01-17T12:00:00Z,42.9955492889468,-87.7107369122681,3.82
2023-01-18T12:00:00Z,42.9955492889468,-87.7107369122681,3.76
2023-01-19T12:00:00Z,42.9955492889468,-87.7107369122681,3.73
2023-01-20T12:00:00Z,42.9955492889468,-87.7107369122681,3.66
2023-01-21T12:00:00Z,42.9955492889468,-87.7107369122681,3.56
2023-01-22T12:00:00Z,42.9955492889468,-87.7107369122681,3.53
2023-01-23T12:00:00Z,42.9955492889468,-87.7107369122681,3.54
2023-01-24T12:00:00Z,42.9955492889468,-87.7107369122681,3.46
2023-01-25T12:00:00Z,42.9955492889468,-87.7107369122681,3.31
2023-01-26T12:00:00Z,42.9955492889468,-87.7107369122681,3.19
2023-01-27T12:00:00Z,42.9955492889468,-87.7107369122681,3.13
2023-01-28T12:00:00Z,42.9955492889468,-87.7107369122681,3.02
2023-01-29T12:00:00Z,42.9955492889468,-87.7107369122681,2.89
2023-01-30T12:00:00Z,42.9955492889468,-87.7107369122681,2.82
2023-01-31T12:00:00Z,42.9955492889468,-87.7107369122681,2.81
2023-02-01T12:00:00Z,42.9955492889468,-87.7107369122681,2.81
2023-02-02T12:00:00Z,42.9955492889468,-87.7107369122681,2.78
2023-02-03T12:00:00Z,42.9955492889468,-87.7107369122681,2.75
2023-02-04T12:00:00Z,42.9955492889468,-87.7107369122681,2.74
2023-02-05T12:00:00Z,42.9955492889468,-87.7107369122681,2.74
2023-02-06T12:00:00Z,42.9955492889468,-87.7107369122681,0.2
2023-02-07T12:00:00Z,42.9955492889468,-87.7107369122681,2.84
2023-02-08T12:00:00Z,42.9955492889468,-87.7107369122681,2.91
2023-02-09T12:00:00Z,42.9955492889468,-87.7107369122681,3.02
2023-02-10T12:00:00Z,42.9955492889468,-87.7107369122681,3.1
2023-02-11T12:00:00Z,42.9955492889468,-87.7107369122681,3.17
2023-02-12T12:00:00Z,42.9955492889468,-87.7107369122681,3.25
2023-02-13T12:00:00Z,42.9955492889468,-87.7107369122681,3.23
2023-02-14T12:00:00Z,42.9955492889468,-87.7107369122681,3.15
2023-02-15T12:00:00Z,42.9955492889468,-87.7107369122681,3.02
2023-02-16T12:00:00Z,42.9955492889468,-87.7107369122681,2.97
2023-02-17T12:00:00Z,42.9955492889468,-87.7107369122681,3.0
2023-02-18T12:00:00Z,42.9955492889468,-87.7107369122681,2.95
2023-02-19T12:00:00Z,42.9955492889468,-87.7107369122681,2.92
2023-02-20T12:00:00Z,42.9955492889468,-87.7107369122681,2.96
2023-02-21T12:00:00Z,42.9955492889468,-87.7107369122681,2.98
2023-02-22T12:00:00Z,42.9955492889468,-87.7107369122681,2.9
2023-02-23T12:00:00Z,42.9955492889468,-87.7107369122681,2.79
2023-02-24T12:00:00Z,42.9955492889468,-87.7107369122681,2.61
2023-02-25T12:00:00Z,42.9955492889468,-87.7107369122681,2.59
2023-02-26T12:00:00Z,42.9955492889468,-87.7107369122681,2.66
2023-02-27T12:00:00Z,42.9955492889468,-87.7107369122681,2.65
2023-02-28T12:00:00Z,42.9955492889468,-87.7107369122681,2.64
2023-03-01T12:00:00Z,42.9955492889468,-87.7107369122681,2.62
2023-03-02T12:00:00Z,42.9955492889468,-87.7107369122681,2.56
2023-03-03T12:00:00Z,42.9955492889468,-87.7107369122681,2.48
2023-03-04T12:00:00Z,42.9955492889468,-87.7107369122681,2.44
2023-03-05T12:00:00Z,42.9955492889468,-87.7107369122681,2.44
2023-03-06T12:00:00Z,42.9955492889468,-87.7107369122681,2.44
2023-03-07T12:00:00Z,42.9955492889468,-87.7107369122681,2.44
2023-03-08T12:00:00Z,42.9955492889468,-87.7107369122681,2.47
2023-03-09T12:00:00Z,42.9955492889468,-87.7107369122681,2.48
2023-03-10T12:00:00Z,42.9955492889468,-87.7107369122681,2.42
2023-03-11T12:00:00Z,42.9955492889468,-87.7107369122681,2.35
2023-03-12T12:00:00Z,42.9955492889468,-87.7107369122681,2.3
2023-03-13T12:00:00Z,42.9955492889468,-87.7107369122681,2.28
2023-03-14T12:00:00Z,42.9955492889468,-87.7107369122681,2.27
2023-03-15T12:00:00Z,42.9955492889468,-87.7107369122681,2.24
2023-03-16T12:00:00Z,42.9955492889468,-87.7107369122681,2.21
2023-03-17T12:00:00Z,42.9955492889468,-87.7107369122681,2.18
2023-03-18T12:00:00Z,42.9955492889468,-87.7107369122681,2.21
2023-03-19T12:00:00Z,42.9955492889468,-87.7107369122681,2.27
2023-03-20T12:00:00Z,42.9955492889468,-87.7107369122681,2.24
2023-03-21T12:00:00Z,42.9955492889468,-87.7107369122681,2.19
2023-03-22T12:00:00Z,42.9955492889468,-87.7107369122681,2.2
2023-03-23T12:00:00Z,42.9955492889468,-87.7107369122681,2.28
2023-03-24T12:00:00Z,42.9955492889468,-87.7107369122681,2.34
2023-03-25T12:00:00Z,42.9955492889468,-87.7107369122681,2.38
2023-03-26T12:00:00Z,42.9955492889468,-87.7107369122681,2.39
2023-03-27T12:00:00Z,42.9955492889468,-87.7107369122681,2.37
2023-03-28T12:00:00Z,42.9955492889468,-87.7107369122681,2.37
2023-03-29T12:00:00Z,42.9955492889468,-87.7107369122681,2.45
2023-03-30T12:00:00Z,42.9955492889468,-87.7107369122681,2.53
2023-03-31T12:00:00Z,42.9955492889468,-87.7107369122681,2.61
2023-04-01T12:00:00Z,42.9955492889468,-87.7107369122681,2.68
2023-04-02T12:00:00Z,42.9955492889468,-87.7107369122681,2.73
2023-04-03T12:00:00Z,42.9955492889468,-87.7107369122681,2.85
2023-04-04T12:00:00Z,42.9955492889468,-87.7107369122681,2.96
2023-04-05T12:00:00Z,42.9955492889468,-87.7107369122681,3.04
2023-04-06T12:00:00Z,42.9955492889468,-87.7107369122681,3.07
2023-04-07T12:00:00Z,42.9955492889468,-87.7107369122681,3.02
2023-04-08T12:00:00Z,42.9955492889468,-87.7107369122681,3.07
2023-04-09T12:00:00Z,42.9955492889468,-87.7107369122681,3.26
2023-04-10T12:00:00Z,42.9955492889468,-87.7107369122681,3.48
2023-04-11T12:00:00Z,42.9955492889468,-87.7107369122681,3.76
2023-04-12T12:00:00Z,42.9955492889468,-87.7107369122681,4.2
2023-04-13T12:00:00Z,42.9955492889468,-87.7107369122681,4.34
2023-04-14T12:00:00Z,42.9955492889468,-87.7107369122681,4.26
2023-04-15T12:00:00Z,42.9955492889468,-87.7107369122681,4.11
2023-04-16T12:00:00Z,42.9955492889468,-87.7107369122681,4.0
2023-04-17T12:00:00Z,42.9955492889468,-87.7107369122681,3.91
2023-04-18T12:00:00Z,42.9955492889468,-87.7107369122681,3.93
2023-04-19T12:00:00Z,42.9955492889468,-87.7107369122681,4.01
2023-04-20T12:00:00Z,42.9955492889468,-87.7107369122681,4.05
2023-04-21T12:00:00Z,42.9955492889468,-87.7107369122681,4.08
2023-04-22T12:00:00Z,42.9955492889468,-87.7107369122681,4.12
2023-04-23T12:00:00Z,42.9955492889468,-87.7107369122681,4.16
2023-04-24T12:00:00Z,42.9955492889468,-87.7107369122681,4.21
2023-04-25T12:00:00Z,42.9955492889468,-87.7107369122681,4.25
2023-04-26T12:00:00Z,42.9955492889468,-87.7107369122681,4.28
2023-04-27T12:00:00Z,42.9955492889468,-87.7107369122681,4.34
2023-04-28T12:00:00Z,42.9955492889468,-87.7107369122681,4.36
2023-04-29T12:00:00Z,42.9955492889468,-87.7107369122681,4.32
2023-04-30T12:00:00Z,42.9955492889468,-87.7107369122681,4.32
2023-05-01T12:00:00Z,42.9955492889468,-87.7107369122681,4.34
2023-05-02T12:00:00Z,42.9955492889468,-87.7107369122681,4.24
2023-05-03T12:00:00Z,42.9955492889468,-87.7107369122681,4.15
2023-05-04T12:00:00Z,42.9955492889468,-87.7107369122681,4.18
2023-05-05T12:00:00Z,42.9955492889468,-87.7107369122681,4.35
2023-05-06T12:00:00Z,42.9955492889468,-87.7107369122681,4.86
2023-05-07T12:00:00Z,42.9955492889468,-87.7107369122681,5.63
2023-05-08T12:00:00Z,42.9955492889468,-87.7107369122681,6.15
2023-05-09T12:00:00Z,42.9955492889468,-87.7107369122681,6.35
2023-05-10T12:00:00Z,42.9955492889468,-87.7107369122681,6.54
2023-05-11T12:00:00Z,42.9955492889468,-87.7107369122681,6.81
2023-05-12T12:00:00Z,42.9955492889468,-87.7107369122681,6.78
2023-05-13T12:00:00Z,42.9955492889468,-87.7107369122681,6.72
2023-05-14T12:00:00Z,42.9955492889468,-87.7107369122681,6.83
2023-05-15T12:00:00Z,42.9955492889468,-87.7107369122681,6.91
2023-05-16T12:00:00Z,42.9955492889468,-87.7107369122681,6.92
2023-05-17T12:00:00Z,42.9955492889468,-87.7107369122681,6.48
2023-05-18T12:00:00Z,42.9955492889468,-87.7107369122681,6.26
2023-05-19T12:00:00Z,42.9955492889468,-87.7107369122681,6.58
2023-05-20T12:00:00Z,42.9955492889468,-87.7107369122681,6.89
2023-05-21T12:00:00Z,42.9955492889468,-87.7107369122681,7.58
2023-05-22T12:00:00Z,42.9955492889468,-87.7107369122681,8.3
2023-05-23T12:00:00Z,42.9955492889468,-87.7107369122681,8.8
2023-05-24T12:00:00Z,42.9955492889468,-87.7107369122681,8.91
2023-05-25T12:00:00Z,42.9955492889468,-87.7107369122681,8.53
2023-05-26T12:00:00Z,42.9955492889468,-87.7107369122681,8.51
2023-05-27T12:00:00Z,42.9955492889468,-87.7107369122681,8.79
2023-05-28T12:00:00Z,42.9955492889468,-87.7107369122681,9.49
2023-05-29T12:00:00Z,42.9955492889468,-87.7107369122681,10.39
2023-05-30T12:00:00Z,42.9955492889468,-87.7107369122681,11.7
2023-05-31T12:00:00Z,42.9955492889468,-87.7107369122681,12.57
2023-06-01T12:00:00Z,42.9955492889468,-87.7107369122681,13.06
2023-06-02T12:00:00Z,42.9955492889468,-87.7107369122681,13.72
2023-06-03T12:00:00Z,42.9955492889468,-87.7107369122681,14.21
2023-06-04T12:00:00Z,42.9955492889468,-87.7107369122681,14.21
2023-06-05T12:00:00Z,42.9955492889468,-87.7107369122681,14.39
2023-06-06T12:00:00Z,42.9955492889468,-87.7107369122681,14.0
2023-06-07T12:00:00Z,42.9955492889468,-87.7107369122681,13.48
2023-06-08T12:00:00Z,42.9955492889468,-87.7107369122681,13.39
2023-06-09T12:00:00Z,42.9955492889468,-87.7107369122681,13.51
2023-06-10T12:00:00Z,42.9955492889468,-87.7107369122681,13.37
2023-06-11T12:00:00Z,42.9955492889468,-87.7107369122681,12.58
2023-06-12T12:00:00Z,42.9955492889468,-87.7107369122681,11.98
2023-06-13T12:00:00Z,42.9955492889468,-87.7107369122681,12.21
2023-06-14T12:00:00Z,42.9955492889468,-87.7107369122681,12.72
2023-06-15T12:00:00Z,42.9955492889468,-87.7107369122681,12.87
2023-06-16T12:00:00Z,42.9955492889468,-87.7107369122681,12.57
2023-06-17T12:00:00Z,42.9955492889468,-87.7107369122681,12.72
2023-06-18T12:00:00Z,42.9955492889468,-87.7107369122681,13.57
2023-06-19T12:00:00Z,42.9955492889468,-87.7107369122681,14.42
2023-06-20T12:00:00Z,42.9955492889468,-87.7107369122681,14.89
2023-06-21T12:00:00Z,42.9955492889468,-87.7107369122681,15.2
2023-06-22T12:00:00Z,42.9955492889468,-87.7107369122681,15.39
2023-06-23T12:00:00Z,42.9955492889468,-87.7107369122681,15.73
2023-06-24T12:00:00Z,42.9955492889468,-87.7107369122681,16.27
2023-06-25T12:00:00Z,42.9955492889468,-87.7107369122681,16.24
2023-06-26T12:00:00Z,42.9955492889468,-87.7107369122681,16.0
2023-06-27T12:00:00Z,42.9955492889468,-87.7107369122681,15.81
2023-06-28T12:00:00Z,42.9955492889468,-87.7107369122681,15.99
2023-06-29T12:00:00Z,42.9955492889468,-87.7107369122681,16.62
2023-06-30T12:00:00Z,42.9955492889468,-87.7107369122681,17.21
2023-07-01T12:00:00Z,42.9955492889468,-87.7107369122681,17.71
2023-07-02T12:00:00Z,42.9955492889468,-87.7107369122681,17.96
2023-07-03T12:00:00Z,42.9955492889468,-87.7107369122681,18.2
2023-07-04T12:00:00Z,42.9955492889468,-87.7107369122681,18.48
2023-07-05T12:00:00Z,42.9955492889468,-87.7107369122681,18.79
2023-07-06T12:00:00Z,42.9955492889468,-87.7107369122681,18.82
2023-07-07T12:00:00Z,42.9955492889468,-87.7107369122681,18.96
2023-07-08T12:00:00Z,42.9955492889468,-87.7107369122681,19.32
2023-07-09T12:00:00Z,42.9955492889468,-87.7107369122681,19.41
2023-07-10T12:00:00Z,42.9955492889468,-87.7107369122681,19.56
2023-07-11T12:00:00Z,42.9955492889468,-87.7107369122681,19.58
2023-07-12T12:00:00Z,42.9955492889468,-87.7107369122681,19.55
2023-07-13T12:00:00Z,42.9955492889468,-87.7107369122681,19.57
2023-07-14T12:00:00Z,42.9955492889468,-87.7107369122681,19.8
2023-07-15T12:00:00Z,42.9955492889468,-87.7107369122681,19.9
2023-07-16T12:00:00Z,42.9955492889468,-87.7107369122681,19.87
2023-07-17T12:00:00Z,42.9955492889468,-87.7107369122681,19.84
2023-07-18T12:00:00Z,42.9955492889468,-87.7107369122681,19.91
2023-07-19T12:00:00Z,42.9955492889468,-87.7107369122681,20.12
2023-07-20T12:00:00Z,42.9955492889468,-87.7107369122681,20.33
2023-07-21T12:00:00Z,42.9955492889468,-87.7107369122681,20.57
2023-07-22T12:00:00Z,42.9955492889468,-87.7107369122681,20.75
2023-07-23T12:00:00Z,42.9955492889468,-87.7107369122681,20.9
2023-07-24T12:00:00Z,42.9955492889468,-87.7107369122681,21.09
2023-07-25T12:00:00Z,42.9955492889468,-87.7107369122681,21.41
2023-07-26T12:00:00Z,42.9955492889468,-87.7107369122681,21.58
2023-07-27T12:00:00Z,42.9955492889468,-87.7107369122681,21.8
2023-07-28T12:00:00Z,42.9955492889468,-87.7107369122681,22.18
2023-07-29T12:00:00Z,42.9955492889468,-87.7107369122681,22.33
2023-07-30T12:00:00Z,42.9955492889468,-87.7107369122681,22.38
2023-07-31T12:00:00Z,42.9955492889468,-87.7107369122681,22.46
2023-08-01T12:00:00Z,42.9955492889468,-87.7107369122681,22.44
2023-08-02T12:00:00Z,42.9955492889468,-87.7107369122681,22.45
2023-08-03T12:00:00Z,42.9955492889468,-87.7107369122681,22.65
2023-08-04T12:00:00Z,42.9955492889468,-87.7107369122681,22.83
2023-08-05T12:00:00Z,42.9955492889468,-87.7107369122681,22.84
2023-08-06T12:00:00Z,42.9955492889468,-87.7107369122681,22.74
2023-08-07T12:00:00Z,42.9955492889468,-87.7107369122681,22.59
2023-08-08T12:00:00Z,42.9955492889468,-87.7107369122681,22.51
2023-08-09T12:00:00Z,42.9955492889468,-87.7107369122681,22.56
2023-08-10T12:00:00Z,42.9955492889468,-87.7107369122681,22.59
2023-08-11T12:00:00Z,42.9955492889468,-87.7107369122681,22.66
2023-08-12T12:00:00Z,42.9955492889468,-87.7107369122681,22.64
2023-08-13T12:00:00Z,42.9955492889468,-87.7107369122681,22.43
2023-08-14T12:00:00Z,42.9955492889468,-87.7107369122681,21.89
2023-08-15T12:00:00Z,42.9955492889468,-87.7107369122681,21.44
2023-08-16T12:00:00Z,42.9955492889468,-87.7107369122681,21.43
2023-08-17T12:00:00Z,42.9955492889468,-87.7107369122681,21.42
2023-08-18T12:00:00Z,42.9955492889468,-87.7107369122681,21.41
2023-08-19T12:00:00Z,42.9955492889468,-87.7107369122681,21.64
2023-08-20T12:00:00Z,42.9955492889468,-87.7107369122681,22.08
2023-08-21T12:00:00Z,42.9955492889468,-87.7107369122681,22.05
2023-08-22T12:00:00Z,42.9955492889468,-87.7107369122681,22.02
2023-08-23T12:00:00Z,42.9955492889468,-87.7107369122681,22.58
2023-08-24T12:00:00Z,42.9955492889468,-87.7107369122681,22.52
2023-08-25T12:00:00Z,42.9955492889468,-87.7107369122681,21.97
2023-08-26T12:00:00Z,42.9955492889468,-87.7107369122681,21.59
2023-08-27T12:00:00Z,42.9955492889468,-87.7107369122681,21.4
2023-08-28T12:00:00Z,42.9955492889468,-87.7107369122681,21.32
2023-08-29T12:00:00Z,42.9955492889468,-87.7107369122681,21.24
2023-08-30T12:00:00Z,42.9955492889468,-87.7107369122681,21.13
2023-08-31T12:00:00Z,42.9955492889468,-87.7107369122681,21.13
2023-09-01T12:00:00Z,42.9955492889468,-87.7107369122681,21.19
2023-09-02T12:00:00Z,42.9955492889468,-87.7107369122681,21.34
2023-09-03T12:00:00Z,42.9955492889468,-87.7107369122681,21.7
2023-09-04T12:00:00Z,42.9955492889468,-87.7107369122681,21.88
2023-09-05T12:00:00Z,42.9955492889468,-87.7107369122681,21.84
2023-09-06T12:00:00Z,42.9955492889468,-87.7107369122681,21.63
2023-09-07T12:00:00Z,42.9955492889468,-87.7107369122681,21.35
2023-09-08T12:00:00Z,42.9955492889468,-87.7107369122681,21.1
2023-09-09T12:00:00Z,42.9955492889468,-87.7107369122681,21.07
2023-09-10T12:00:00Z,42.9955492889468,-87.7107369122681,20.97
2023-09-11T12:00:00Z,42.9955492889468,-87.7107369122681,20.82
2023-09-12T12:00:00Z,42.9955492889468,-87.7107369122681,20.62
2023-09-13T12:00:00Z,42.9955492889468,-87.7107369122681,20.5
2023-09-14T12:00:00Z,42.9955492889468,-87.7107369122681,20.43
2023-09-15T12:00:00Z,42.9955492889468,-87.7107369122681,20.29
2023-09-16T12:00:00Z,42.9955492889468,-87.7107369122681,20.19
2023-09-17T12:00:00Z,42.9955492889468,-87.7107369122681,20.07
2023-09-18T12:00:00Z,42.9955492889468,-87.7107369122681,19.97
2023-09-19T12:00:00Z,42.9955492889468,-87.7107369122681,19.96
2023-09-20T12:00:00Z,42.9955492889468,-87.7107369122681,20.04
2023-09-21T12:00:00Z,42.9955492889468,-87.7107369122681,20.13
2023-09-22T12:00:00Z,42.9955492889468,-87.7107369122681,20.12
2023-09-23T12:00:00Z,42.9955492889468,-87.7107369122681,20.13
2023-09-24T12:00:00Z,42.9955492889468,-87.7107369122681,20.15
2023-09-25T12:00:00Z,42.9955492889468,-87.7107369122681,20.05
2023-09-26T12:00:00Z,42.9955492889468,-87.7107369122681,19.77
2023-09-27T12:00:00Z,42.9955492889468,-87.7107369122681,19.33
2023-09-28T12:00:00Z,42.9955492889468,-87.7107369122681,18.95
2023-09-29T12:00:00Z,42.9955492889468,-87.7107369122681,18.95
2023-09-30T12:00:00Z,42.9955492889468,-87.7107369122681,19.07
2023-10-01T12:00:00Z,42.9955492889468,-87.7107369122681,19.28
2023-10-02T12:00:00Z,42.9955492889468,-87.7107369122681,19.33
2023-10-03T12:00:00Z,42.9955492889468,-87.7107369122681,19.32
2023-10-04T12:00:00Z,42.9955492889468,-87.7107369122681,19.08
2023-10-05T12:00:00Z,42.9955492889468,-87.7107369122681,18.54
2023-10-06T12:00:00Z,42.9955492889468,-87.7107369122681,18.21
2023-10-07T12:00:00Z,42.9955492889468,-87.7107369122681,18.16
2023-10-08T12:00:00Z,42.9955492889468,-87.7107369122681,17.98
2023-10-09T12:00:00Z,42.9955492889468,-87.7107369122681,17.71
2023-10-10T12:00:00Z,42.9955492889468,-87.7107369122681,17.55
2023-10-11T12:00:00Z,42.9955492889468,-87.7107369122681,17.3
2023-10-12T12:00:00Z,42.9955492889468,-87.7107369122681,17.18
2023-10-13T12:00:00Z,42.9955492889468,-87.7107369122681,16.95
2023-10-14T12:00:00Z,42.9955492889468,-87.7107369122681,16.57
2023-10-15T12:00:00Z,42.9955492889468,-87.7107369122681,16.25
2023-10-16T12:00:00Z,42.9955492889468,-87.7107369122681,16.05
2023-10-17T12:00:00Z,42.9955492889468,-87.7107369122681,15.99
2023-10-18T12:00:00Z,42.9955492889468,-87.7107369122681,15.9
2023-10-19T12:00:00Z,42.9955492889468,-87.7107369122681,15.8
2023-10-20T12:00:00Z,42.9955492889468,-87.7107369122681,15.69
2023-10-21T12:00:00Z,42.9955492889468,-87.7107369122681,15.61
2023-10-22T12:00:00Z,42.9955492889468,-87.7107369122681,15.57
2023-10-23T12:00:00Z,42.9955492889468,-87.7107369122681,15.6
2023-10-24T12:00:00Z,42.9955492889468,-87.7107369122681,15.77
2023-10-25T12:00:00Z,42.9955492889468,-87.7107369122681,15.76
2023-10-26T12:00:00Z,42.9955492889468,-87.7107369122681,15.43
2023-10-27T12:00:00Z,42.9955492889468,-87.7107369122681,15.1
2023-10-28T12:00:00Z,42.9955492889468,-87.7107369122681,14.88
2023-10-29T12:00:00Z,42.9955492889468,-87.7107369122681,14.6
2023-10-30T12:00:00Z,42.9955492889468,-87.7107369122681,14.44
2023-10-31T12:00:00Z,42.9955492889468,-87.7107369122681,14.27
2023-11-01T12:00:00Z,42.9955492889468,-87.7107369122681,13.97
2023-11-02T12:00:00Z,42.9955492889468,-87.7107369122681,13.7
2023-11-03T12:00:00Z,42.9955492889468,-87.7107369122681,13.44
2023-11-04T12:00:00Z,42.9955492889468,-87.7107369122681,13.21
2023-11-05T12:00:00Z,42.9955492889468,-87.7107369122681,13.1
2023-11-06T12:00:00Z,42.9955492889468,-87.7107369122681,13.0
2023-11-07T12:00:00Z,42.9955492889468,-87.7107369122681,12.82
2023-11-08T12:00:00Z,42.9955492889468,-87.7107369122681,12.43
2023-11-09T12:00:00Z,42.9955492889468,-87.7107369122681,12.18
2023-11-10T12:00:00Z,42.9955492889468,-87.7107369122681,11.91
2023-11-11T12:00:00Z,42.9955492889468,-87.7107369122681,11.7
2023-11-12T12:00:00Z,42.9955492889468,-87.7107369122681,11.57
2023-11-13T12:00:00Z,42.9955492889468,-87.7107369122681,11.5
2023-11-14T12:00:00Z,42.9955492889468,-87.7107369122681,11.36
2023-11-15T12:00:00Z,42.9955492889468,-87.7107369122681,11.1
2023-11-16T12:00:00Z,42.9955492889468,-87.7107369122681,10.8
2023-11-17T12:00:00Z,42.9955492889468,-87.7107369122681,10.55
2023-11-18T12:00:00Z,42.9955492889468,-87.7107369122681,10.34
2023-11-19T12:00:00Z,42.9955492889468,-87.7107369122681,10.27
2023-11-20T12:00:00Z,42.9955492889468,-87.7107369122681,10.21
2023-11-21T12:00:00Z,42.9955492889468,-87.7107369122681,9.97
2023-11-22T12:00:00Z,42.9955492889468,-87.7107369122681,9.83
2023-11-23T12:00:00Z,42.9955492889468,-87.7107369122681,9.77
2023-11-24T12:00:00Z,42.9955492889468,-87.7107369122681,9.62
2023-11-25T12:00:00Z,42.9955492889468,-87.7107369122681,9.45
2023-11-26T12:00:00Z,42.9955492889468,-87.7107369122681,9.16
2023-11-27T12:00:00Z,42.9955492889468,-87.7107369122681,8.9
2023-11-28T12:00:00Z,42.9955492889468,-87.7107369122681,8.77
2023-11-29T12:00:00Z,42.9955492889468,-87.7107369122681,8.63
2023-11-30T12:00:00Z,42.9955492889468,-87.7107369122681,8.53
2023-12-01T12:00:00Z,42.9955492889468,-87.7107369122681,8.44
2023-12-02T12:00:00Z,42.9955492889468,-87.7107369122681,8.38
2023-12-03T12:00:00Z,42.9955492889468,-87.7107369122681,8.18
2023-12-04T12:00:00Z,42.9955492889468,-87.7107369122681,7.89
2023-12-05T12:00:00Z,42.9955492889468,-87.7107369122681,7.72
2023-12-06T12:00:00Z,42.9955492889468,-87.7107369122681,7.66
2023-12-07T12:00:00Z,42.9955492889468,-87.7107369122681,7.65
2023-12-08T12:00:00Z,42.9955492889468,-87.7107369122681,7.59
2023-12-09T12:00:00Z,42.9955492889468,-87.7107369122681,7.5
2023-12-10T12:00:00Z,42.9955492889468,-87.7107369122681,7.41
2023-12-11T12:00:00Z,42.9955492889468,-87.7107369122681,7.35
2023-12-12T12:00:00Z,42.9955492889468,-87.7107369122681,7.3
2023-12-13T12:00:00Z,42.9955492889468,-87.7107369122681,7.26
2023-12-14T12:00:00Z,42.9955492889468,-87.7107369122681,7.24
2023-12-15T12:00:00Z,42.9955492889468,-87.7107369122681,7.23
2023-12-16T12:00:00Z,42.9955492889468,-87.7107369122681,7.18
2023-12-17T12:00:00Z,42.9955492889468,-87.7107369122681,7.05
2023-12-18T12:00:00Z,42.9955492889468,-87.7107369122681,6.81
2023-12-19T12:00:00Z,42.9955492889468,-87.7107369122681,6.66
2023-12-20T12:00:00Z,42.9955492889468,-87.7107369122681,6.57
2023-12-21T12:00:00Z,42.9955492889468,-87.7107369122681,6.59
2023-12-22T12:00:00Z,42.9955492889468,-87.7107369122681,6.65
2023-12-23T12:00:00Z,42.9955492889468,-87.7107369122681,6.67
2023-12-24T12:00:00Z,42.9955492889468,-87.7107369122681,6.64
2023-12-25T12:00:00Z,42.9955492889468,-87.7107369122681,6.48
2023-12-26T12:00:00Z,42.9955492889468,-87.7107369122681,6.08
2023-12-27T12:00:00Z,42.9955492889468,-87.7107369122681,6.04
2023-12-28T12:00:00Z,42.9955492889468,-87.7107369122681,6.07
2023-12-29T12:00:00Z,42.9955492889468,-87.7107369122681,6.11
2023-12-30T12:00:00Z,42.9955492889468,-87.7107369122681,6.41
2023-12-31T12:00:00Z,42.9955492889468,-87.7107369122681,6.42
