station,day,max_temp_f,min_temp_f,max_dewpoint_f,min_dewpoint_f,precip_in,avg_wind_speed_kts,avg_wind_drct,min_rh,avg_rh,max_rh,snow_in,max_wind_speed_kts,max_wind_gust_kts,srad_mj,climo_high_f,climo_low_f,climo_precip_in
SBM,2024-01-01,29.0,26.0,20.0,17.0,0.0,9.645637,279.13696,68.32426,71.770935,77.71283,,19.117477,23.462358,,28.4,13.9,0.04
SBM,2024-01-02,32.0,25.0,26.0,19.0,0.0,9.993227,251.83247,69.04303,76.81547,81.47782,,17.379524,23.462358,,28.2,13.7,0.04
SBM,2024-01-03,35.0,28.0,28.4,15.0,0.0,7.212503,312.70844,57.679825,71.76155,81.630455,,12.165668,17.379524,,28.1,13.5,0.04
SBM,2024-01-04,28.0,20.0,19.0,13.0,0.0,5.2138577,294.68204,57.381668,66.714096,77.62127,,11.296691,15.641572,,27.9,13.3,0.04
SBM,2024-01-05,32.0,17.0,28.0,14.0,0.0,4.0841885,205.49089,71.3349,80.258514,87.865425,,11.296691,14.772596,,27.7,13.1,0.04
SBM,2024-01-06,33.0,30.0,31.0,27.0,0.2,4.605574,106.20732,78.339096,93.54232,100.0,,8.689762,14.772596,,27.6,12.9,0.03
SBM,2024-01-07,32.0,28.0,31.0,23.0,0.04,6.5173216,291.04843,74.8682,87.02465,100.0,,12.165668,15.641572,,27.4,12.7,0.03
SBM,2024-01-08,34.0,28.0,28.0,24.0,0.0,4.605574,140.99301,78.339096,82.94175,88.48496,,12.165668,17.379524,,27.3,12.5,0.04
SBM,2024-01-09,33.0,30.0,31.0,27.0,0.35,15.293982,40.290173,81.630455,93.62687,100.0,,26.069286,33.89007,,27.2,12.3,0.03
SBM,2024-01-10,31.0,26.0,27.0,22.0,0.0001,7.386298,286.3898,71.78017,82.46343,92.8597,,21.724405,28.676216,,27.1,12.1,0.04
SBM,2024-01-11,30.0,26.0,25.0,23.0,0.07,5.387653,334.67435,81.32336,88.94876,95.93131,,13.034643,16.51055,,27.0,12.0,0.03
SBM,2024-01-12,33.0,26.0,31.0,23.0,0.25,18.596092,49.49523,84.85323,94.351135,100.0,,33.89007,46.924717,,26.9,11.8,0.04
SBM,2024-01-13,27.0,11.0,24.0,6.0,0.0001,14.946391,304.3311,67.7078,80.81527,95.91279,,20.85543,33.89007,,26.8,11.7,0.03
SBM,2024-01-14,11.0,-3.0,6.0,-10.0,0.0001,14.425006,269.99814,67.929726,74.48118,83.486275,,22.593382,30.41417,,26.7,11.6,0.03
SBM,2024-01-15,2.0,-8.0,-8.0,-13.0,0.0,10.340817,257.05283,61.96487,71.12959,78.57882,,15.641572,24.331335,,26.6,11.5,0.04
SBM,2024-01-16,-2.0,-10.0,-10.0,-16.0,0.0,13.642927,246.66037,64.65311,69.89216,78.098656,,19.117477,26.069286,,26.5,11.4,0.03
SBM,2024-01-17,9.0,-8.0,1.0,-12.0,0.0,9.12425,239.86763,60.0575,69.68657,79.226234,,17.379524,21.724405,,26.5,11.3,0.04
SBM,2024-01-18,10.0,0.0,5.0,-4.0,0.0001,6.082834,310.24966,57.569458,71.18427,83.4133,,13.034643,16.51055,,26.4,11.2,0.03
SBM,2024-01-19,11.0,6.0,4.0,-1.0,0.0001,10.60151,315.5621,63.40265,71.645096,79.671715,,15.641572,20.85543,,26.4,11.1,0.04
SBM,2024-01-20,15.0,3.0,4.0,-6.0,0.0,10.514612,299.75836,58.335495,67.83219,79.13547,,17.379524,24.331335,,26.3,11.1,0.04
SBM,2024-01-21,19.0,-4.0,11.0,-9.0,0.0,10.25392,208.19308,55.536167,65.73363,75.14798,,19.117477,24.331335,,26.3,11.0,0.03
SBM,2024-01-22,30.0,19.0,26.0,11.0,0.0001,9.732533,207.84154,67.582565,79.42223,88.38497,,17.379524,22.593382,,26.3,11.0,0.04
SBM,2024-01-23,33.0,27.0,32.0,26.0,0.12,4.171086,40.17326,88.38497,95.203865,100.0,,8.689762,12.165668,,26.3,11.0,0.03
SBM,2024-01-24,35.0,31.0,33.0,31.0,0.0,1.3034644,22.627655,92.287315,96.67115,100.0,,6.082834,7.820786,,26.3,10.9,0.03
SBM,2024-01-25,34.0,30.0,34.0,30.0,0.03,2.8676217,28.883623,96.02206,99.43019,100.0,,10.427715,14.772596,,26.4,11.0,0.04
SBM,2024-01-26,36.0,32.0,34.0,32.0,0.12,4.431779,351.39145,96.075066,98.40087,100.0,,8.689762,13.034643,,26.4,11.0,0.03
SBM,2024-01-27,37.0,32.0,34.0,32.0,0.0,3.041417,334.75815,88.77747,96.66462,100.0,,8.689762,12.165668,,26.5,11.0,0.04
SBM,2024-01-28,34.0,30.0,33.0,25.0,0.0001,7.994581,331.43732,75.067375,85.71684,100.0,,13.034643,17.379524,,26.5,11.1,0.03
SBM,2024-01-29,37.0,27.0,31.0,26.0,0.0,8.950456,234.48178,78.513435,89.13412,95.96797,,14.772596,23.462358,,26.6,11.1,0.04
SBM,2024-01-30,36.0,33.0,32.0,30.0,0.0,5.995936,318.588,81.78129,86.74894,96.05751,,11.296691,15.641572,,26.7,11.2,0.03
SBM,2024-01-31,37.0,32.0,33.0,28.0,0.0,10.427715,240.73274,78.59985,83.01981,88.583694,,15.641572,20.85543,,26.8,11.3,0.04
SBM,2024-02-01,42.0,29.0,34.0,24.0,0.0001,8.4290695,355.26187,75.84226,83.56205,92.35433,,17.379524,21.724405,,26.9,11.4,0.03
SBM,2024-02-02,33.0,27.0,29.0,24.0,0.0001,5.7352433,30.917933,81.55437,87.78902,95.96797,,11.296691,13.90362,,27.0,11.5,0.03
SBM,2024-02-03,35.0,26.0,31.0,26.0,0.0001,2.6938264,137.35948,81.630455,88.11594,100.0,,7.820786,10.427715,,27.2,11.6,0.03
SBM,2024-02-04,42.0,26.0,31.0,26.0,0.0,3.3890073,31.480852,57.298237,91.83594,100.0,,8.689762,11.296691,,27.3,11.7,0.04
SBM,2024-02-05,32.0,27.0,30.0,26.0,0.0,4.605574,0.36085838,86.281944,94.110245,100.0,,11.296691,13.90362,,27.5,11.9,0.03
SBM,2024-02-06,39.0,26.0,33.0,26.0,0.0,6.95181,184.10883,75.74727,95.2957,100.0,,12.165668,15.641572,,27.7,12.1,0.03
SBM,2024-02-07,39.0,28.0,34.0,28.0,0.0,6.5173216,174.53789,78.85616,90.13292,100.0,,13.90362,19.986454,,27.8,12.2,0.03
SBM,2024-02-08,50.0,36.0,42.0,33.0,0.16,9.906329,171.3905,68.017075,80.80997,92.61395,,25.200312,31.283144,,28.0,12.4,0.03
SBM,2024-02-09,49.0,35.0,38.0,27.0,0.0,14.6856985,246.26282,67.183876,73.57605,78.685776,,25.200312,34.75905,,28.3,12.6,0.03
SBM,2024-02-10,36.0,25.0,27.0,19.4,0.0,10.60151,291.2401,60.95084,71.5093,81.00883,,19.117477,24.331335,,28.5,12.8,0.03
SBM,2024-02-11,34.0,24.0,22.0,19.0,0.0,5.561448,277.46497,60.95084,73.3811,84.593315,,11.296691,16.51055,,28.7,13.0,0.04
SBM,2024-02-12,44.0,23.0,29.0,19.0,0.0,6.95181,264.8899,48.704906,67.51247,84.46092,,17.379524,23.462358,,29.0,13.3,0.03
SBM,2024-02-13,32.0,20.0,23.0,17.0,0.0,4.605574,327.16644,55.669117,72.13901,91.866394,,11.296691,15.641572,,29.2,13.5,0.03
SBM,2024-02-14,41.0,20.0,29.0,18.0,0.0,5.9090385,189.52005,54.537437,75.68526,95.89414,,13.90362,17.379524,,29.5,13.8,0.03
SBM,2024-02-15,36.0,20.0,30.2,13.0,0.41,10.25392,294.6748,60.529972,75.82015,96.02206,,21.724405,33.0211,,29.8,14.0,0.04
SBM,2024-02-16,24.0,9.0,14.0,-3.0,0.0,8.4290695,299.31168,54.43551,63.085857,73.94373,,14.772596,24.331335,,30.1,14.3,0.03
SBM,2024-02-17,26.0,4.0,14.0,-4.0,0.0,13.469131,253.03592,57.231598,62.91167,69.08201,,25.200312,34.75905,,30.4,14.6,0.04
SBM,2024-02-18,33.0,10.0,19.0,8.0,0.0,7.7338886,278.96442,53.464535,68.95086,87.53722,,18.2485,26.938263,,30.7,14.9,0.03
SBM,2024-02-19,36.0,8.0,27.0,7.0,0.0,2.4331334,178.04292,66.57064,81.560394,100.0,,8.689762,11.296691,,31.0,15.2,0.04
SBM,2024-02-20,42.0,22.0,33.0,21.0,0.0,5.2138577,178.6143,72.95626,82.15974,95.875374,,13.034643,18.2485,,31.4,15.5,0.03
SBM,2024-02-21,53.0,31.0,36.0,27.0,0.0001,2.4331334,260.73056,47.990986,72.34777,88.583694,,8.689762,13.034643,,31.7,15.8,0.04
SBM,2024-02-22,56.0,27.0,33.0,25.0,0.0,4.2579837,274.39584,33.7932,65.02712,92.080986,,11.296691,17.379524,,32.1,16.1,0.03
SBM,2024-02-23,41.0,15.0,29.0,7.0,0.0001,11.731179,13.50702,61.945312,72.50487,81.630455,,21.724405,28.676216,,32.4,16.4,0.04
SBM,2024-02-24,31.0,15.0,19.0,8.0,0.0,8.4290695,232.58249,53.15234,65.3413,73.51755,,17.379524,20.85543,,32.8,16.7,0.04
SBM,2024-02-25,53.0,25.0,32.0,16.0,0.0,8.255275,244.74263,40.94712,57.87083,72.10786,,15.641572,22.593382,,33.1,17.1,0.04
SBM,2024-02-26,45.0,23.0,35.0,21.0,0.0,7.0387077,152.4843,52.29821,74.43797,95.91279,,17.379524,24.331335,,33.5,17.4,0.04
SBM,2024-02-27,70.0,34.0,46.0,30.0,0.0,7.994581,223.39311,30.527138,62.09835,100.0,,19.986454,30.41417,,33.9,17.8,0.04
SBM,2024-02-28,42.0,14.0,32.0,-1.0,0.05,15.641572,303.7636,41.065517,57.653595,84.46092,,25.200312,38.234955,,34.3,18.1,0.04
SBM,2024-02-29,33.0,9.0,23.0,0.0,0.0,6.256629,187.52197,44.056126,60.019283,76.181496,,15.641572,22.593382,,34.5,18.3,0.04
SBM,2024-03-01,46.0,22.0,27.0,17.0,0.0,10.167022,175.58485,33.553562,57.84683,72.32339,,17.379524,21.724405,,34.7,18.5,0.04
SBM,2024-03-02,52.0,28.0,36.0,24.0,0.0,7.994581,170.39185,54.116306,74.65051,85.354324,,15.641572,20.85543,,35.0,18.8,0.05
SBM,2024-03-03,55.0,38.0,42.0,35.0,0.0,13.816722,163.92976,59.127327,76.63073,88.96647,,24.331335,38.234955,,35.4,19.2,0.04
SBM,2024-03-04,54.0,30.0,38.0,24.0,0.59,8.342172,18.24907,30.94214,63.525513,88.87256,,18.2485,25.200312,,35.8,19.5,0.05
SBM,2024-03-05,44.0,34.0,36.0,22.0,0.09,11.5573845,25.101738,41.33555,66.30533,88.87256,,19.117477,26.069286,,36.2,19.9,0.04
SBM,2024-03-06,46.0,28.0,32.0,14.0,0.0,10.167022,30.250967,31.635164,65.10233,81.55437,,18.2485,24.331335,,36.6,20.3,0.05
SBM,2024-03-07,40.0,28.0,32.0,15.0,0.0,5.12696,99.481476,41.77766,69.30651,88.6326,,11.296691,16.51055,,37.0,20.6,0.04
SBM,2024-03-08,40.0,32.0,35.0,29.0,0.39,7.994581,25.130062,78.85616,84.59307,88.825165,,14.772596,25.200312,,37.4,21.0,0.05
SBM,2024-03-09,36.0,29.0,29.0,16.0,0.02,11.904975,318.4327,53.774204,66.16422,88.534485,,21.724405,30.41417,,37.8,21.3,0.04
SBM,2024-03-10,42.0,26.0,17.0,12.0,0.0,9.906329,317.9071,28.967262,49.8896,62.91365,,19.117477,26.938263,,38.2,21.7,0.05
SBM,2024-03-11,60.0,24.0,35.0,14.0,0.0,7.646991,224.56099,37.502213,55.204193,75.93673,,19.117477,25.200312,,38.6,22.1,0.05
SBM,2024-03-12,67.0,36.0,39.0,31.0,0.0,10.514612,237.10313,33.042492,51.824356,75.65175,,20.85543,27.80724,,39.0,22.4,0.04
SBM,2024-03-13,59.0,28.0,36.0,24.0,0.0,3.6497002,57.67218,25.82432,50.84679,78.339096,,12.165668,13.90362,,39.4,22.8,0.05
SBM,2024-03-14,44.0,33.0,34.0,27.0,0.35,11.470487,29.574163,55.285244,68.824715,78.94063,,20.85543,29.545193,,39.7,23.2,0.05
SBM,2024-03-15,49.0,29.0,31.0,24.0,0.0,6.3435264,329.25314,38.641823,68.49465,81.7061,,12.165668,15.641572,,40.1,23.5,0.05
SBM,2024-03-16,52.0,34.0,32.0,20.0,0.0,11.644281,267.46783,41.832516,56.273228,78.59985,,21.724405,33.89007,,40.5,23.9,0.04
SBM,2024-03-17,35.0,21.0,21.0,9.0,0.0001,12.07877,310.61832,44.39605,50.62833,64.90231,,18.2485,25.200312,,40.9,24.2,0.06
SBM,2024-03-18,34.0,21.0,16.0,12.0,0.0001,10.60151,298.76047,46.91911,56.071358,67.7078,,20.85543,28.676216,,41.3,24.6,0.05
SBM,2024-03-19,50.0,30.0,26.0,11.0,0.0,11.470487,265.05298,35.359905,45.692936,69.39407,,22.593382,32.152122,,41.7,24.9,0.05
SBM,2024-03-20,33.0,19.0,22.0,0.0,0.0,10.080125,336.60413,29.602518,42.46211,68.686455,,20.85543,28.676216,,42.1,25.3,0.06
SBM,2024-03-21,31.0,17.0,13.0,-1.0,0.0001,4.2579837,100.05876,26.79556,45.950523,67.20286,,12.165668,17.379524,,42.5,25.6,0.05
SBM,2024-03-22,33.0,24.0,26.6,15.0,0.19,5.300755,30.588408,57.679825,80.3792,88.12936,,12.165668,17.379524,,42.8,26.0,0.06
SBM,2024-03-23,33.0,15.0,21.0,4.0,0.0,3.9972906,329.3058,31.178473,54.50328,84.0537,,11.296691,17.379524,,43.2,26.3,0.06
SBM,2024-03-24,36.0,27.0,28.0,13.0,0.04,9.732533,133.63046,55.05754,68.066666,88.48496,,20.85543,33.89007,,43.6,26.6,0.05
SBM,2024-03-25,47.0,35.0,44.0,24.0,0.56,7.820786,138.20833,63.849762,76.405136,93.34736,,14.772596,21.724405,,44.0,27.0,0.06
SBM,2024-03-26,53.0,29.0,46.0,22.0,0.35,15.467777,197.20216,68.92479,82.19036,92.67682,,26.069286,36.497,,44.4,27.3,0.07
SBM,2024-03-27,38.0,25.0,21.0,15.0,0.0001,13.729825,259.83176,47.412987,59.58191,68.686455,,25.200312,33.0211,,44.8,27.6,0.06
SBM,2024-03-28,41.0,25.0,18.0,12.0,0.0,9.037353,266.06415,35.87929,52.49043,68.32426,,19.117477,26.938263,,45.1,28.0,0.07
SBM,2024-03-29,43.0,23.0,25.0,14.0,0.0,4.9531646,92.75375,37.46793,55.755836,74.96806,,13.034643,17.379524,,45.5,28.3,0.07
SBM,2024-03-30,38.0,33.0,33.0,25.0,0.03,5.9090385,18.828817,66.57064,77.42824,85.293015,,13.90362,17.379524,,45.9,28.6,0.08
SBM,2024-03-31,42.0,30.0,31.0,26.0,0.0001,2.4331334,160.78563,64.11146,77.84927,92.18516,,7.820786,10.427715,,46.3,28.9,0.07
SBM,2024-04-01,40.0,30.0,32.0,26.0,0.21,11.904975,41.05795,72.53661,81.032646,88.583694,,20.85543,26.938263,,46.7,29.2,0.09
SBM,2024-04-02,37.0,32.0,33.0,28.0,1.24,16.249855,31.849758,80.363884,85.48578,92.287315,,26.069286,33.89007,,47.1,29.5,0.08
SBM,2024-04-03,37.0,32.0,32.0,28.0,0.14,12.687053,357.78168,81.7061,84.87419,88.534485,,20.85543,35.628025,,47.5,29.9,0.09
SBM,2024-04-04,40.0,32.0,31.0,28.0,0.08,11.209793,346.2821,69.739685,77.546104,88.534485,,19.986454,28.676216,,47.9,30.2,0.09
SBM,2024-04-05,48.0,30.0,29.0,21.0,0.0,6.8649125,11.304837,38.14118,61.336018,78.339096,,13.90362,20.85543,,48.2,30.5,0.09
SBM,2024-04-06,50.0,24.0,30.0,18.0,0.0,5.387653,31.67085,38.475353,57.571213,78.0738,,12.165668,18.2485,,48.6,30.8,0.1
SBM,2024-04-07,49.0,27.0,32.0,21.0,0.06,7.5600934,122.26486,32.80326,63.830963,84.85323,,20.85543,33.0211,,49.0,31.1,0.1
SBM,2024-04-08,62.0,38.0,42.0,32.0,0.0,8.863558,191.47495,42.402897,63.465076,79.10812,,24.331335,31.283144,,49.4,31.4,0.1
SBM,2024-04-09,58.0,36.0,38.0,31.0,0.0,6.95181,269.09573,43.45851,62.98138,82.00422,,19.986454,29.545193,,49.8,31.7,0.1
SBM,2024-04-10,67.0,35.0,38.0,30.0,0.0,6.082834,213.2892,27.869299,53.39007,81.93035,,14.772596,19.986454,,50.2,32.0,0.1
SBM,2024-04-11,57.0,42.0,41.0,33.0,0.02,4.431779,38.23132,43.137085,60.77084,79.51862,,11.296691,15.641572,,50.6,32.3,0.11
SBM,2024-04-12,60.0,39.0,41.0,28.0,0.0001,13.816722,317.13257,35.867504,54.603634,82.579834,,25.200312,39.10393,,51.0,32.6,0.11
SBM,2024-04-13,62.0,36.0,35.0,25.0,0.0,6.7780147,238.69131,28.225794,51.00706,73.16274,,14.772596,20.85543,,51.4,32.9,0.11
SBM,2024-04-14,74.0,41.0,42.0,32.0,0.0,8.515967,336.77606,24.04996,48.15103,73.26516,,22.593382,33.0211,,51.8,33.1,0.11
SBM,2024-04-15,69.0,34.0,35.0,25.0,0.0,6.256629,333.83975,19.632956,51.57735,78.77122,,13.034643,19.986454,,52.2,33.4,0.11
SBM,2024-04-16,56.0,40.0,43.0,28.0,0.18,11.991872,81.68966,46.090466,56.044434,71.28357,,26.069286,41.71086,,52.7,33.7,0.11
SBM,2024-04-17,62.0,48.0,51.0,38.0,0.34,13.295337,228.17773,59.937733,72.23996,89.41901,,26.069286,35.628025,,53.1,34.0,0.12
SBM,2024-04-18,53.0,41.0,42.0,33.0,0.05,6.5173216,262.28656,48.148148,67.48693,82.64991,,13.90362,23.462358,,53.5,34.3,0.11
SBM,2024-04-19,51.0,36.0,33.0,14.0,0.0,14.338108,284.1658,28.6943,41.70179,65.0078,,26.069286,34.75905,,53.9,34.6,0.12
SBM,2024-04-20,41.0,31.0,19.0,15.0,0.0,10.514612,288.34805,38.950085,47.081867,58.26825,,17.379524,25.200312,,54.3,34.9,0.12
SBM,2024-04-21,56.0,27.0,22.0,15.0,0.0,8.602865,282.85428,20.310797,41.53685,66.06888,,18.2485,26.069286,,54.7,35.2,0.12
SBM,2024-04-22,64.0,32.0,43.0,13.0,0.01,12.252565,223.34073,14.997785,37.93081,79.6796,,26.069286,37.36598,,55.1,35.5,0.12
SBM,2024-04-23,69.0,35.0,41.0,29.0,0.02,13.556029,263.41052,24.26978,53.888214,100.0,,28.676216,43.44881,,55.6,35.8,0.12
SBM,2024-04-24,,,29.0,21.0,0.0,7.5600934,34.665863,51.98681,68.63735,92.01039,,19.117477,26.938263,,56.0,36.1,0.12
SBM,2024-04-25,51.0,23.0,32.0,22.0,0.0,2.8676217,127.98873,32.96899,64.60984,95.89414,,12.165668,15.641572,,56.4,36.4,0.12
SBM,2024-04-26,55.0,29.0,45.0,30.0,0.12,10.340817,142.41042,52.453903,73.30874,100.0,,19.117477,33.0211,,56.8,36.7,0.12
SBM,2024-04-27,79.0,47.0,66.0,46.0,0.33,14.164312,210.8354,53.939552,84.6491,100.0,,31.283144,42.579834,,57.2,37.1,0.13
SBM,2024-04-28,60.0,41.0,57.0,41.0,0.1,13.295337,42.655865,89.80336,98.4594,100.0,,25.200312,33.89007,,57.6,37.4,0.12
SBM,2024-04-29,70.0,45.0,61.0,44.0,0.02,7.820786,229.60333,62.993393,85.84081,100.0,,18.2485,24.331335,,58.1,37.7,0.13
SBM,2024-04-30,64.0,46.0,48.0,40.0,0.03,7.0387077,245.75667,60.07078,75.67927,92.707954,,14.772596,22.593382,,58.5,38.0,0.13
SBM,2024-05-01,67.0,47.0,56.0,44.0,0.01,9.645637,278.46286,46.470554,69.83393,100.0,,24.331335,35.628025,,58.9,38.3,0.11
SBM,2024-05-02,56.0,45.0,49.0,44.0,0.06,7.2994003,70.1838,63.990192,85.143456,100.0,,18.2485,23.462358,,59.3,38.7,0.11
SBM,2024-05-03,69.0,40.0,54.0,41.0,0.05,5.0400624,305.44617,38.948692,73.94808,100.0,,13.034643,17.379524,,59.7,39.0,0.11
SBM,2024-05-04,64.0,38.0,60.0,38.0,0.33,6.3435264,171.32793,86.17496,93.93152,100.0,,14.772596,22.593382,,60.1,39.3,0.11
SBM,2024-05-05,61.0,43.0,48.0,38.0,0.0,5.12696,25.78124,52.900986,76.12435,92.769646,,12.165668,15.641572,,60.5,39.7,0.1
SBM,2024-05-06,64.0,37.0,55.0,37.0,0.0,5.12696,97.99331,60.33517,84.80279,100.0,,12.165668,16.51055,,60.9,40.0,0.11
SBM,2024-05-07,58.0,44.0,57.2,41.0,1.49,8.342172,145.47914,61.32375,87.28832,100.0,,26.069286,33.0211,,61.3,40.3,0.11
SBM,2024-05-08,70.0,46.0,57.0,46.0,0.0,6.6911173,47.154804,63.117867,85.98269,100.0,,12.165668,14.772596,,61.7,40.7,0.11
SBM,2024-05-09,58.0,42.0,50.0,42.0,0.0,10.080125,42.19677,74.065186,88.734276,100.0,,19.117477,23.462358,,62.1,41.0,0.11
SBM,2024-05-10,59.0,39.0,51.0,39.0,0.24,6.082834,132.7149,66.47594,80.94494,100.0,,22.593382,33.0211,,62.5,41.4,0.1
SBM,2024-05-11,64.0,41.0,47.0,42.0,0.0001,8.342172,314.9724,51.62931,77.419044,100.0,,17.379524,23.462358,,62.9,41.7,0.11
SBM,2024-05-12,74.0,38.0,56.0,39.0,0.0001,8.255275,190.96649,48.881634,69.18134,100.0,,19.117477,27.80724,,63.3,42.1,0.1
SBM,2024-05-13,69.0,47.0,58.0,41.0,0.03,8.602865,42.799824,67.86223,77.52683,89.76167,,19.986454,28.676216,,63.7,42.5,0.11
SBM,2024-05-14,56.0,45.0,45.0,37.0,0.0,11.644281,36.580685,59.263847,71.889786,82.85773,,19.986454,26.069286,,64.1,42.8,0.11
SBM,2024-05-15,63.0,41.0,47.0,39.0,0.0,7.2994003,37.92827,53.634888,71.42519,96.19473,,15.641572,23.462358,,64.5,43.2,0.1
SBM,2024-05-16,66.0,40.0,60.0,40.0,0.02,5.6483455,167.28783,64.48654,85.57075,100.0,,17.379524,21.724405,,64.9,43.5,0.11
SBM,2024-05-17,70.0,47.0,55.0,48.0,0.0,4.0841885,86.28442,50.738266,76.04945,100.0,,11.296691,15.641572,,65.3,43.9,0.11
SBM,2024-05-18,75.0,46.0,62.0,47.0,0.01,6.6042194,166.27133,59.46271,78.5717,100.0,,19.117477,26.069286,,65.6,44.3,0.1
SBM,2024-05-19,71.0,52.0,60.0,39.0,0.0,5.6483455,357.96234,38.3096,59.05606,93.15243,,11.296691,15.641572,,66.0,44.7,0.11
SBM,2024-05-20,65.0,51.0,58.0,39.0,0.88,4.2579837,33.199047,47.351547,85.360176,100.0,,18.2485,24.331335,,66.4,45.0,0.11
SBM,2024-05-21,67.0,49.0,60.0,49.0,0.46,6.3435264,149.25029,72.81946,92.25732,100.0,,25.200312,35.628025,,66.8,45.4,0.11
SBM,2024-05-22,69.0,48.0,64.0,46.0,0.0,12.07877,243.77138,46.932285,74.43511,96.56624,,25.200312,37.36598,,67.1,45.8,0.11
SBM,2024-05-23,74.0,48.0,57.0,47.0,0.04,6.3435264,243.18466,39.581646,74.63492,100.0,,15.641572,21.724405,,67.5,46.1,0.11
SBM,2024-05-24,65.0,47.0,62.0,47.0,1.04,6.5173216,138.56926,62.362633,87.55061,100.0,,21.724405,28.676216,,67.9,46.5,0.1
SBM,2024-05-25,70.0,49.0,59.0,45.0,0.0,7.2994003,256.21588,50.88588,72.00572,100.0,,14.772596,22.593382,,68.3,46.9,0.11
SBM,2024-05-26,60.0,47.0,58.0,44.0,1.21,5.8221407,114.446,69.379715,87.96548,100.0,,14.772596,20.85543,,68.6,47.2,0.1
SBM,2024-05-27,67.0,53.0,57.0,53.0,0.2,7.7338886,317.11093,67.63664,89.90324,100.0,,15.641572,22.593382,,69.0,47.6,0.1
SBM,2024-05-28,68.0,52.0,57.0,51.0,0.11,4.431779,306.615,65.21411,90.42146,100.0,,19.986454,25.200312,,69.4,48.0,0.11
SBM,2024-05-29,61.0,40.0,52.0,39.0,0.0,6.6911173,29.773048,49.233253,74.58136,92.92053,,14.772596,19.117477,,69.7,48.3,0.12
SBM,2024-05-30,66.0,38.0,45.0,34.0,0.0,3.041417,94.834885,32.561714,65.11571,100.0,,7.820786,11.296691,,70.1,48.7,0.11
SBM,2024-05-31,72.0,35.0,54.0,37.0,0.0,5.2138577,169.78787,40.310017,70.80601,100.0,,14.772596,21.724405,,70.4,49.0,0.12
SBM,2024-06-01,64.0,51.0,60.0,49.0,0.3,3.3021097,162.35918,72.42126,90.06082,100.0,,8.689762,12.165668,,70.8,49.4,0.13
SBM,2024-06-02,75.0,47.0,62.0,48.0,0.0,2.780724,128.68965,52.94558,80.862686,100.0,,7.820786,11.296691,,71.1,49.7,0.13
SBM,2024-06-03,71.0,49.0,64.0,50.0,0.23,7.0387077,162.2852,77.97277,91.85003,100.0,,15.641572,22.593382,,71.5,50.1,0.13
SBM,2024-06-04,78.0,62.0,70.0,58.0,0.01,6.6042194,164.01619,70.35004,83.250854,96.58053,,13.90362,19.117477,,71.8,50.4,0.14
SBM,2024-06-05,76.0,59.0,66.0,52.0,0.15,8.950456,243.03793,47.992485,77.65126,100.0,,25.200312,36.497,,72.2,50.7,0.13
SBM,2024-06-06,69.0,53.0,53.0,48.0,0.0001,10.775306,277.69302,52.219696,68.09205,92.92053,,22.593382,33.89007,,72.5,51.1,0.14
SBM,2024-06-07,71.0,53.0,51.0,47.0,0.0,9.906329,290.33908,43.97764,62.18747,86.2867,,22.593382,35.628025,,72.9,51.4,0.13
SBM,2024-06-08,65.0,50.0,58.0,48.0,0.34,4.6924715,277.3918,69.92407,86.84514,100.0,,13.034643,19.117477,,73.2,51.7,0.14
SBM,2024-06-09,71.0,50.0,53.0,47.0,0.01,8.602865,319.6443,42.354446,75.66879,100.0,,19.986454,30.41417,,73.6,52.0,0.13
SBM,2024-06-10,64.0,43.0,47.0,39.0,0.0,5.995936,13.714339,46.004383,68.979836,100.0,,14.772596,22.593382,,73.9,52.3,0.14
SBM,2024-06-11,66.0,40.0,52.0,40.0,0.0001,4.7793694,164.28233,55.567047,77.42893,100.0,,11.296691,15.641572,,74.2,52.6,0.13
SBM,2024-06-12,81.0,50.0,65.0,51.0,0.02,4.951773,186.41801,47.168118,74.27516,100.0,,13.034643,17.379524,,74.5,52.9,0.13
SBM,2024-06-13,80.0,57.0,69.0,54.0,0.28,8.515967,261.1089,43.592644,74.22568,100.0,,19.986454,30.41417,,74.9,53.2,0.14
SBM,2024-06-14,70.0,51.0,57.0,44.0,0.0,6.169731,42.109173,40.468544,70.51081,100.0,,15.641572,19.986454,,75.2,53.5,0.13
SBM,2024-06-15,69.0,47.0,58.0,47.0,0.0,5.9090385,136.99013,63.117867,75.11352,100.0,,14.772596,25.200312,,75.5,53.7,0.13
SBM,2024-06-16,79.0,60.0,68.0,54.0,0.16,9.732533,169.97694,68.85131,77.257645,96.49344,,19.986454,29.545193,,75.8,54.0,0.12
SBM,2024-06-17,89.0,66.0,73.0,65.0,0.0,7.646991,207.24838,57.100487,76.79717,96.59473,,19.117477,26.938263,,76.1,54.3,0.13
SBM,2024-06-18,83.0,69.0,71.0,65.0,0.0,10.60151,180.07082,66.83575,73.65815,87.08428,,19.986454,26.938263,,76.4,54.5,0.12
SBM,2024-06-19,85.0,67.0,72.0,65.0,0.53,6.6042194,226.9889,60.869015,78.47229,100.0,,19.986454,33.0211,,76.6,54.7,0.12
SBM,2024-06-20,67.0,58.0,67.0,56.0,0.29,8.081479,35.849987,72.62137,92.86532,100.0,,18.2485,23.462358,,76.9,55.0,0.12
SBM,2024-06-21,70.0,59.0,65.0,57.0,0.16,5.0400624,45.814053,81.19433,91.85817,100.0,,13.034643,15.641572,,77.2,55.2,0.12
SBM,2024-06-22,81.0,58.0,73.0,58.0,3.15,6.6042194,226.00978,76.61518,97.47022,100.0,,17.379524,27.80724,,77.4,55.4,0.12
SBM,2024-06-23,75.0,58.0,64.0,56.0,0.0001,7.907684,307.86285,61.7494,82.37141,96.56624,,12.165668,19.117477,,77.7,55.6,0.12
SBM,2024-06-24,74.0,53.0,60.0,54.0,0.0,5.300755,143.6084,57.09765,75.29848,100.0,,12.165668,17.379524,,77.9,55.8,0.13
SBM,2024-06-25,76.0,64.0,72.0,28.0,0.12,9.384943,272.50018,23.005861,87.55042,96.58053,,37.36598,54.745502,,78.2,56.0,0.12
SBM,2024-06-26,82.0,58.0,63.0,53.0,0.0,7.5600934,9.193317,45.50714,62.033806,83.39463,,18.2485,23.462358,,78.4,56.2,0.12
SBM,2024-06-27,69.0,54.0,55.0,41.0,0.0001,3.8234954,58.75616,40.310017,63.347782,92.95015,,11.296691,18.2485,,78.6,56.4,0.11
SBM,2024-06-28,73.0,61.0,66.0,55.0,0.59,8.081479,172.2811,75.92401,82.21691,90.167534,,14.772596,24.331335,,78.8,56.5,0.11
SBM,2024-06-29,86.0,60.0,68.0,51.0,0.0,9.384943,278.159,42.644836,67.29633,90.12802,,20.85543,28.676216,,79.0,56.7,0.1
SBM,2024-06-30,71.0,52.0,53.0,45.0,0.0,5.8221407,8.807892,50.88588,67.071594,89.54945,,13.034643,19.117477,,79.2,56.9,0.11
SBM,2024-07-01,69.0,48.0,55.0,41.0,0.0,4.9531646,146.57845,37.31991,66.69988,92.95015,,13.034643,16.51055,,79.3,57.0,0.11
SBM,2024-07-02,68.0,60.0,61.0,55.0,1.35,8.515967,168.32768,70.24432,82.599785,93.12406,,20.85543,32.152122,,79.5,57.2,0.1
SBM,2024-07-03,86.0,65.0,66.0,61.0,0.0001,7.7338886,252.00153,51.0819,72.2474,90.167534,,14.772596,20.85543,,79.6,57.3,0.1
SBM,2024-07-04,85.0,66.0,67.0,61.0,0.04,2.4331334,245.67654,47.61275,70.91534,90.20681,,7.820786,11.296691,,79.8,57.4,0.1
SBM,2024-07-05,75.0,62.0,65.0,59.0,0.61,5.387653,42.228245,70.97356,83.4847,93.26418,,26.069286,33.89007,,79.9,57.5,0.1
SBM,2024-07-06,79.0,60.0,64.0,58.0,0.0001,5.300755,287.10544,53.79913,78.55254,93.15243,,10.427715,13.90362,,80.0,57.7,0.1
SBM,2024-07-07,78.0,57.0,67.0,56.0,0.0001,5.2138577,173.39021,64.33268,81.700134,96.56624,,13.034643,19.986454,,80.1,57.8,0.1
SBM,2024-07-08,86.0,66.0,69.0,61.0,0.0001,5.300755,221.35509,47.760025,72.89803,90.12802,,13.90362,20.85543,,80.2,57.9,0.1
SBM,2024-07-09,81.0,62.0,66.0,60.0,0.0001,2.5200312,133.68053,52.4755,73.02913,93.180626,,10.427715,13.90362,,80.3,58.0,0.11
SBM,2024-07-10,82.0,63.0,65.0,61.0,0.0001,4.9531646,22.119715,54.079453,73.51496,90.00808,,11.296691,16.51055,,80.4,58.1,0.1
SBM,2024-07-11,81.0,62.0,65.0,60.0,0.0001,3.041417,72.31112,55.89117,74.28941,89.96762,,7.820786,12.165668,,80.4,58.2,0.1
SBM,2024-07-12,85.0,59.0,63.0,56.0,0.0,3.3890073,177.26175,40.98303,63.4582,89.88598,,12.165668,17.379524,,80.5,58.2,0.11
SBM,2024-07-13,86.0,61.0,69.8,57.0,0.72,7.212503,175.63231,42.94912,70.481575,93.319046,,18.2485,27.80724,,80.5,58.3,0.11
SBM,2024-07-14,89.0,69.0,71.0,63.0,0.04,6.169731,230.69856,48.34447,73.46403,90.36164,,18.2485,25.200312,,80.5,58.4,0.11
SBM,2024-07-15,90.0,71.0,74.0,68.0,0.0001,5.4745502,211.77486,55.315365,75.860756,90.39978,,18.2485,26.938263,,80.5,58.4,0.1
SBM,2024-07-16,83.0,67.0,70.0,59.0,0.0001,5.300755,267.38614,45.657604,75.8665,90.24586,,18.2485,25.200312,,80.5,58.5,0.11
SBM,2024-07-17,77.0,57.0,60.0,50.0,0.0,7.4731956,330.39697,41.41113,63.40999,86.77358,,15.641572,25.200312,,80.5,58.6,0.11
SBM,2024-07-18,78.0,55.0,57.0,51.0,0.0,5.0400624,339.34332,45.96179,68.091545,89.67755,,11.296691,16.51055,,80.5,58.6,0.11
SBM,2024-07-19,82.0,55.0,59.0,53.0,0.0,4.8662667,233.2122,39.366528,66.10475,92.97958,,12.165668,16.51055,,80.5,58.7,0.12
SBM,2024-07-20,85.0,60.0,63.0,55.0,0.0,5.0400624,246.71683,37.045395,63.639683,86.72074,,10.427715,13.90362,,80.5,58.7,0.11
SBM,2024-07-21,80.0,62.0,64.0,55.0,0.0,5.6483455,38.091637,46.568714,72.028145,90.08828,,13.034643,15.641572,,80.5,58.7,0.12
SBM,2024-07-22,82.0,58.0,59.0,53.0,0.0,3.6497002,110.78673,40.674355,60.979557,89.80336,,8.689762,13.90362,,80.4,58.8,0.11
SBM,2024-07-23,82.0,63.0,66.0,57.0,0.0,5.4745502,302.92563,56.433846,75.0592,87.03324,,12.165668,17.379524,,80.4,58.8,0.12
SBM,2024-07-24,75.0,59.0,61.0,58.0,0.0001,4.605574,16.25716,57.368793,76.061424,93.09552,,11.296691,14.772596,,80.3,58.8,0.11
SBM,2024-07-25,76.0,53.0,59.0,51.0,0.0,4.0841885,63.081154,44.59487,69.01702,93.0668,,10.427715,15.641572,,80.3,58.8,0.12
SBM,2024-07-26,79.0,50.0,59.0,48.0,0.0,3.3021097,165.46169,37.63879,69.07292,93.03791,,13.034643,16.51055,,80.2,58.8,0.12
SBM,2024-07-27,83.0,54.0,65.0,52.0,0.0,5.7352433,171.47534,48.882202,71.56338,93.64554,,15.641572,22.593382,,80.1,58.9,0.13
SBM,2024-07-28,82.0,58.0,72.0,56.0,0.1,4.344881,166.45415,60.365044,82.27205,93.40011,,11.296691,15.641572,,80.1,58.9,0.12
SBM,2024-07-29,80.0,66.0,70.0,65.0,0.03,3.041417,207.32921,69.06545,83.44456,96.6368,,11.296691,13.90362,,80.0,58.8,0.12
SBM,2024-07-30,91.0,65.0,71.0,64.0,0.0,4.6924715,260.22498,48.19906,73.27652,93.34623,,10.427715,14.772596,,79.9,58.8,0.12
SBM,2024-07-31,91.0,68.0,72.0,66.0,0.0,3.9972906,306.06393,46.698208,77.14251,96.60884,,13.90362,18.2485,,79.8,58.8,0.12
SBM,2024-08-01,81.0,66.0,73.0,65.0,0.46,3.5628026,113.533394,76.53033,87.16711,96.62286,,10.427715,13.90362,,79.8,58.8,0.11
SBM,2024-08-02,89.0,70.0,72.0,66.0,0.0,4.7793694,345.02655,48.19906,73.43854,93.37325,,13.034643,15.641572,,79.7,58.8,0.12
SBM,2024-08-03,86.0,66.0,70.0,59.0,0.0,3.910393,44.42268,42.797188,67.53774,90.32327,,8.689762,15.641572,,79.6,58.7,0.11
SBM,2024-08-04,87.0,67.0,68.0,61.0,0.0,3.5628026,166.2808,48.053177,67.64842,84.337776,,11.296691,16.51055,,79.5,58.7,0.11
SBM,2024-08-05,78.0,64.0,70.0,55.0,0.02,11.5573845,43.267746,51.76066,69.68684,87.28552,,21.724405,31.283144,,79.4,58.6,0.11
SBM,2024-08-06,76.0,59.0,60.0,50.0,1.33,13.469131,41.69787,45.80888,70.075615,93.09552,,25.200312,32.152122,,79.3,58.6,0.11
SBM,2024-08-07,77.0,57.0,59.0,48.0,0.0,2.4331334,85.07979,37.16861,63.200382,89.67755,,8.689762,13.034643,,79.2,58.5,0.11
SBM,2024-08-08,81.0,57.0,63.0,50.0,0.0,5.9090385,260.49338,50.36098,68.17197,93.03791,,15.641572,20.85543,,79.1,58.4,0.11
SBM,2024-08-09,69.0,52.0,54.0,49.0,0.0,8.77666,273.67474,56.410236,69.71968,89.46275,,18.2485,26.069286,,79.1,58.3,0.11
SBM,2024-08-10,75.0,54.0,54.0,48.0,0.0,9.384943,276.36768,44.441242,62.733936,80.15184,,19.117477,29.545193,,79.0,58.2,0.1
SBM,2024-08-11,81.0,57.0,56.0,50.0,0.0,7.646991,280.9164,37.794827,59.767956,80.45798,,14.772596,21.724405,,78.9,58.2,0.1
SBM,2024-08-12,84.0,58.0,63.0,55.0,0.0,3.9972906,280.62424,42.492073,67.8677,89.926926,,10.427715,13.90362,,78.8,58.0,0.1
SBM,2024-08-13,83.0,57.0,65.0,56.0,0.0,3.041417,71.209885,40.98303,73.021324,93.236496,,10.427715,14.772596,,78.7,57.9,0.1
SBM,2024-08-14,82.0,57.0,68.0,56.0,0.0,3.1283145,147.73843,47.168118,77.98611,100.0,,11.296691,17.379524,,78.6,57.8,0.11
SBM,2024-08-15,74.0,60.0,70.0,58.0,0.46,7.4731956,163.9788,78.623764,87.21292,96.50818,,19.117477,25.200312,,78.4,57.7,0.1
SBM,2024-08-16,84.0,63.0,73.0,62.6,1.49,5.0400624,196.00778,62.615204,85.32194,96.6368,,18.2485,21.724405,,78.3,57.5,0.11
SBM,2024-08-17,78.0,63.0,68.0,61.0,0.33,5.9090385,322.443,73.59218,85.52345,93.34623,,17.379524,25.200312,,78.2,57.4,0.1
SBM,2024-08-18,79.0,61.0,65.0,57.0,0.0,8.515967,351.18338,60.1099,76.79868,87.08428,,15.641572,21.724405,,78.1,57.2,0.1
SBM,2024-08-19,76.0,58.0,62.0,52.0,0.0,7.5600934,11.580804,53.51672,72.96532,89.71974,,13.034643,18.2485,,78.0,57.1,0.1
SBM,2024-08-20,70.0,50.0,55.0,49.0,0.0,5.995936,20.732908,58.801956,74.3296,89.50623,,13.034643,19.117477,,77.9,56.9,0.1
SBM,2024-08-21,72.0,46.0,55.0,45.0,0.0,2.6938264,84.80057,47.389595,70.92903,92.83057,,7.820786,12.165668,,77.7,56.7,0.09
SBM,2024-08-22,76.0,50.0,56.0,47.0,0.0,4.2579837,195.37968,44.59487,69.76277,92.97958,,12.165668,15.641572,,77.6,56.5,0.08
SBM,2024-08-23,80.0,58.0,62.0,55.0,0.0,5.300755,197.60571,48.58757,73.1337,93.09552,,14.772596,19.117477,,77.5,56.3,0.09
SBM,2024-08-24,82.0,55.0,65.0,55.0,0.0,3.3890073,175.46935,50.650837,76.29798,96.55186,,11.296691,14.772596,,77.3,56.1,0.08
SBM,2024-08-25,85.0,63.0,73.0,61.0,0.0,4.0841885,147.4789,65.15156,79.21774,93.879135,,11.296691,16.51055,,77.2,55.9,0.09
SBM,2024-08-26,88.0,73.0,74.0,67.0,0.0,3.5628026,164.75598,64.92017,73.79464,87.38443,,8.689762,12.165668,,77.0,55.7,0.08
SBM,2024-08-27,87.0,71.0,77.0,67.0,0.33,4.7793694,237.72499,67.16992,84.1027,94.10022,,25.200312,36.497,,76.8,55.4,0.08
SBM,2024-08-28,74.0,63.0,71.0,59.0,0.0,6.5173216,21.536596,78.22015,84.5806,93.45335,,13.034643,16.51055,,76.7,55.2,0.09
SBM,2024-08-29,75.0,60.0,68.0,58.0,0.0,4.344881,101.98634,70.97356,81.92931,93.37325,,10.427715,14.772596,,76.5,54.9,0.08
SBM,2024-08-30,81.0,63.0,69.0,54.0,0.03,5.995936,248.78792,55.478622,77.75486,93.37325,,17.379524,21.724405,,76.3,54.7,0.09
SBM,2024-08-31,84.0,56.0,61.0,53.0,0.0,7.2994003,252.26471,38.260838,64.36665,89.76167,,13.034643,18.2485,,76.1,54.4,0.09
SBM,2024-09-01,74.0,54.0,59.0,47.0,0.0,7.2994003,330.63416,42.66659,60.94474,78.13813,,15.641572,20.85543,,75.9,54.1,0.09
SBM,2024-09-02,76.0,47.0,53.0,45.0,0.0,2.8676217,274.84366,36.85343,64.04345,89.28615,,8.689762,13.034643,,75.7,53.9,0.08
SBM,2024-09-03,77.0,50.0,56.0,48.0,0.0,5.2138577,188.59476,48.141987,68.04554,86.397125,,14.772596,19.986454,,75.4,53.6,0.09
SBM,2024-09-04,78.0,52.0,57.0,49.0,0.0,5.0400624,181.62921,41.722034,67.35886,86.50626,,14.772596,21.724405,,75.2,53.3,0.08
SBM,2024-09-05,82.0,53.0,65.0,51.0,0.0001,6.6042194,257.0546,52.191093,76.576164,89.63511,,17.379524,24.331335,,74.9,53.0,0.09
SBM,2024-09-06,66.0,48.0,58.0,40.0,0.0,7.994581,359.40652,51.480362,71.00162,93.09552,,14.772596,20.85543,,74.7,52.7,0.08
SBM,2024-09-07,65.0,45.0,43.0,39.0,0.0,7.7338886,328.26074,39.671837,65.701965,82.579834,,15.641572,21.724405,,74.4,52.4,0.09
SBM,2024-09-08,77.0,47.0,53.0,42.0,0.0,8.081479,250.4843,40.05229,63.13111,85.88974,,14.772596,22.593382,,74.1,52.1,0.09
SBM,2024-09-09,81.0,58.0,62.0,51.0,0.0,6.082834,263.25064,48.882202,69.439384,93.0668,,13.90362,19.986454,,73.8,51.8,0.09
SBM,2024-09-10,82.0,53.0,61.0,51.0,0.0,5.2138577,186.68465,35.40816,73.12854,96.46368,,13.034643,17.379524,,73.5,51.4,0.09
SBM,2024-09-11,84.0,56.0,60.0,51.0,0.0,5.387653,190.95663,34.43375,60.509655,86.45185,,13.034643,18.2485,,73.2,51.1,0.09
SBM,2024-09-12,84.0,51.0,62.0,51.0,0.0,3.041417,109.665245,41.136776,70.96043,93.83344,,8.689762,13.034643,,72.9,50.8,0.08
SBM,2024-09-13,80.0,56.0,65.0,56.0,0.0,4.171086,56.845154,52.191093,79.36405,96.49344,,10.427715,14.772596,,72.5,50.4,0.08
SBM,2024-09-14,81.0,54.0,66.0,53.0,0.0001,2.6069288,106.39564,56.29896,79.6267,100.0,,7.820786,12.165668,,72.2,50.1,0.09
SBM,2024-09-15,82.0,57.0,68.0,55.4,0.0,2.6938264,141.69612,50.506157,78.60733,96.522835,,10.427715,13.034643,,71.8,49.8,0.08
SBM,2024-09-16,84.0,53.0,67.0,52.0,0.0,2.3462358,137.45068,47.01897,75.64281,100.0,,8.689762,12.165668,,71.5,49.4,0.09
SBM,2024-09-17,84.0,50.0,66.0,49.0,0.0,2.6069288,150.95457,40.98303,73.48481,92.95015,,10.427715,14.772596,,71.1,49.1,0.09
SBM,2024-09-18,81.0,48.0,65.0,48.0,0.0,2.5200312,130.45486,40.828888,74.771614,93.64554,,10.427715,13.90362,,70.7,48.7,0.09
SBM,2024-09-19,85.0,51.0,64.0,50.0,0.0001,3.9972906,160.81,45.807613,73.59965,96.49344,,12.165668,17.379524,,70.3,48.4,0.1
SBM,2024-09-20,84.0,55.0,66.2,54.0,0.15,5.4745502,249.49025,39.829975,75.87563,93.236496,,13.034643,17.379524,,69.9,48.0,0.1
SBM,2024-09-21,85.0,53.0,65.0,51.0,0.17,3.7365978,186.95975,38.10585,70.2974,93.26418,,13.90362,21.724405,,69.5,47.7,0.1
SBM,2024-09-22,71.0,56.0,65.0,53.0,0.47,6.430424,351.34412,83.39463,88.161575,93.879135,,17.379524,24.331335,,69.1,47.3,0.09
SBM,2024-09-23,70.0,50.0,55.0,46.0,0.0,5.9090385,17.842817,54.497276,74.663925,86.50626,,13.034643,18.2485,,68.6,47.0,0.1
SBM,2024-09-24,66.0,53.0,60.8,51.0,0.05,5.9090385,16.386908,75.11152,84.3339,89.926926,,13.034643,16.51055,,68.2,46.6,0.1
SBM,2024-09-25,76.0,54.0,56.0,50.0,0.0,4.9531646,293.70007,42.822014,70.805435,93.008835,,11.296691,16.51055,,67.8,46.3,0.09
SBM,2024-09-26,79.0,51.0,57.0,50.0,0.0,2.5200312,256.62393,43.28569,70.76692,96.403,,10.427715,13.90362,,67.3,45.9,0.09
SBM,2024-09-27,75.0,49.0,64.0,49.0,0.0,6.169731,34.768284,42.977005,73.082695,96.41831,,13.90362,19.117477,,66.9,45.6,0.09
SBM,2024-09-28,77.0,57.0,59.0,50.0,0.0,9.993227,22.22419,41.41113,66.859634,83.52506,,22.593382,31.283144,,66.4,45.2,0.09
SBM,2024-09-29,76.0,60.0,63.0,57.0,0.0,8.081479,26.577854,61.874687,79.51134,89.926926,,18.2485,21.724405,,66.0,44.9,0.09
SBM,2024-09-30,78.0,52.0,62.0,51.0,0.0,4.0841885,157.80983,57.637775,79.37601,96.38759,,11.296691,14.772596,,65.5,44.5,0.1
SBM,2024-10-01,68.0,45.0,61.0,33.0,0.0,10.080125,305.29767,30.209482,51.857334,89.96762,,18.2485,29.545193,,65.1,44.1,0.1
SBM,2024-10-02,70.0,40.0,41.0,35.0,0.0,7.0387077,207.33336,28.652178,52.74463,82.367134,,17.379524,23.462358,,64.6,43.8,0.1
SBM,2024-10-03,73.0,49.0,48.0,38.0,0.0,5.0400624,302.3044,35.32318,54.84772,86.11859,,10.427715,14.772596,,64.1,43.4,0.11
SBM,2024-10-04,67.0,39.0,48.0,38.0,0.02,4.7793694,19.264708,35.739677,60.513466,85.71448,,13.90362,19.117477,,63.7,43.1,0.1
SBM,2024-10-05,77.0,36.0,62.0,35.0,0.0,10.775306,164.2362,57.50355,74.67649,92.42049,,21.724405,37.36598,,63.2,42.7,0.09
SBM,2024-10-06,76.0,47.0,59.0,37.0,0.0,10.60151,284.42978,38.148876,51.532093,70.962036,,22.593382,35.628025,,62.7,42.4,0.1
SBM,2024-10-07,66.0,42.0,38.0,30.0,0.0,7.125605,282.89893,27.712248,51.56351,70.19222,,13.90362,21.724405,,62.2,42.0,0.09
SBM,2024-10-08,67.0,39.0,44.0,34.0,0.0,4.605574,306.65625,30.368418,62.40116,85.47583,,13.034643,19.117477,,61.8,41.7,0.1
SBM,2024-10-09,65.0,35.0,42.0,33.0,0.0,3.3021097,42.772305,32.40092,63.71194,85.47583,,10.427715,13.90362,,61.3,41.3,0.11
SBM,2024-10-10,67.0,34.0,49.0,34.0,0.0,4.171086,167.76825,43.038216,72.6042,96.17797,,11.296691,14.772596,,60.8,41.0,0.1
SBM,2024-10-11,84.0,47.0,54.0,41.0,0.0,10.60151,256.16855,30.512966,54.576965,79.59934,,21.724405,29.545193,,60.4,40.6,0.1
SBM,2024-10-12,61.0,43.0,47.0,38.0,0.0,7.125605,42.97033,43.9371,67.12377,89.15083,,15.641572,21.724405,,59.9,40.3,0.1
SBM,2024-10-13,61.0,39.0,47.0,37.0,0.29,7.820786,308.8432,59.80411,79.869514,92.58222,,27.80724,40.841885,,59.4,39.9,0.1
SBM,2024-10-14,54.0,41.0,41.0,32.0,0.05,9.12425,344.77087,52.15301,69.8815,82.579834,,15.641572,21.724405,,59.0,39.6,0.1
SBM,2024-10-15,51.0,38.0,38.0,30.0,0.16,10.25392,349.03604,47.833282,66.887764,86.89389,,20.85543,28.676216,,58.5,39.2,0.1
SBM,2024-10-16,57.0,33.0,34.0,27.0,0.0,5.6483455,306.964,32.58798,60.879765,81.7061,,11.296691,16.51055,,58.1,38.9,0.09
SBM,2024-10-17,66.0,32.0,43.0,26.0,0.0,8.081479,191.957,25.691359,54.598682,75.45912,,17.379524,21.724405,,57.6,38.5,0.09
SBM,2024-10-18,68.0,36.0,47.0,29.0,0.0,7.5600934,183.4994,31.762766,60.416264,82.71959,,14.772596,20.85543,,57.1,38.2,0.09
SBM,2024-10-19,74.0,38.0,50.0,32.0,0.0,6.95181,193.9794,29.119883,64.76835,89.37499,,13.034643,17.379524,,56.7,37.9,0.08
SBM,2024-10-20,82.0,50.0,54.0,38.0,0.0,10.167022,228.95372,35.953945,44.658817,61.191265,,19.117477,24.331335,,56.2,37.5,0.08
SBM,2024-10-21,83.0,54.0,46.0,38.0,0.0,7.7338886,234.37212,21.477423,38.721058,59.399784,,15.641572,19.986454,,55.8,37.2,0.08
SBM,2024-10-22,69.0,49.0,51.0,40.0,,8.255275,191.45218,43.353165,56.719353,69.379715,,13.034643,19.986454,,55.3,36.8,0.07
SBM,2024-10-23,62.0,31.0,49.0,30.0,0.0,7.5600934,298.13043,38.86504,61.059086,85.16928,,18.2485,29.545193,,54.9,36.5,0.08
SBM,2024-10-24,64.0,30.0,45.0,27.0,0.0001,5.6483455,193.39034,32.239857,63.001793,88.534485,,13.90362,18.2485,,54.4,36.1,0.09
SBM,2024-10-25,62.0,43.0,46.0,33.0,0.03,7.5600934,289.49942,40.60688,65.3955,86.004845,,18.2485,26.938263,,54.0,35.8,0.08
SBM,2024-10-26,56.0,29.0,34.0,24.0,0.0,5.387653,310.7654,30.94214,54.498074,75.067375,,13.90362,19.117477,,53.5,35.4,0.08
SBM,2024-10-27,62.0,29.0,38.0,24.0,0.0,5.995936,197.72522,28.54339,61.522923,82.22324,,13.90362,19.117477,,53.1,35.1,0.08
SBM,2024-10-28,63.0,31.0,48.0,28.0,0.0,9.558739,167.20683,37.664444,64.908264,88.583694,,19.986454,30.41417,,52.6,34.7,0.07
SBM,2024-10-29,83.0,57.0,57.0,50.0,0.0,13.990518,202.4353,40.98303,57.248753,80.38208,,24.331335,35.628025,,52.2,34.4,0.07
SBM,2024-10-30,79.0,51.0,63.0,49.0,0.63,14.425006,217.61237,48.58757,62.362427,93.236496,,26.938263,41.71086,,51.7,34.0,0.06
SBM,2024-10-31,63.0,42.0,54.0,34.0,0.65,13.034643,271.54276,57.990765,82.10445,96.372086,,27.80724,37.36598,,51.3,33.7,0.07
SBM,2024-11-01,49.0,30.0,40.0,28.0,0.0001,4.0841885,318.39975,45.60902,70.8329,89.05922,,17.379524,26.938263,,50.8,33.3,0.07
SBM,2024-11-02,55.0,28.0,42.0,26.0,0.0,3.3021097,170.53865,58.99022,79.1543,92.080986,,13.90362,19.117477,,50.4,33.0,0.07
SBM,2024-11-03,58.0,43.0,51.0,40.0,0.34,9.993227,141.14415,66.47594,76.09756,89.10516,,20.85543,29.545193,,49.9,32.6,0.08
SBM,2024-11-04,69.0,53.0,61.0,50.0,0.01,7.820786,184.61499,75.65738,87.41321,93.180626,,15.641572,20.85543,,49.5,32.3,0.08
SBM,2024-11-05,69.0,54.0,61.0,48.0,0.42,10.167022,201.26051,70.24432,83.95659,93.15243,,19.986454,27.80724,,49.0,31.9,0.07
SBM,2024-11-06,54.0,42.0,48.0,37.0,0.0,7.2994003,313.1198,68.017075,75.55136,89.3307,,15.641572,25.200312,,48.6,31.6,0.07
SBM,2024-11-07,58.0,37.0,42.0,35.0,0.0,8.515967,256.99612,51.03023,71.4896,88.825165,,18.2485,26.938263,,48.1,31.2,0.06
SBM,2024-11-08,60.0,34.0,39.0,32.0,0.0,6.6911173,306.10233,37.339615,68.63861,92.38751,,14.772596,21.724405,,47.7,30.9,0.06
SBM,2024-11-09,54.0,32.0,46.0,29.0,0.12,6.3435264,145.50975,68.70851,78.07163,88.534485,,13.034643,19.986454,,47.2,30.5,0.05
SBM,2024-11-10,53.0,48.0,49.0,44.0,0.35,6.95181,224.63101,79.75942,87.14775,92.83057,,13.90362,19.986454,,46.8,30.2,0.06
SBM,2024-11-11,52.0,36.0,45.0,29.0,0.0001,13.208439,301.74396,51.236607,66.44016,82.78886,,22.593382,40.841885,,46.3,29.8,0.06
SBM,2024-11-12,48.0,34.0,35.0,31.0,0.0,7.2994003,109.453476,62.44487,69.39248,85.23134,,13.90362,18.2485,,45.9,29.5,0.05
SBM,2024-11-13,51.0,45.0,47.0,32.0,0.29,9.037353,143.63959,60.109863,69.857025,92.769646,,15.641572,24.331335,,45.4,29.1,0.07
SBM,2024-11-14,51.0,47.0,47.0,44.0,0.18,6.6911173,4.922429,79.75942,88.76563,92.769646,,13.034643,17.379524,,44.9,28.8,0.06
SBM,2024-11-15,53.0,32.0,44.0,30.2,0.0,2.8676217,301.53308,63.48459,84.05179,96.075066,,7.820786,12.165668,,44.5,28.4,0.07
SBM,2024-11-16,52.0,29.0,44.0,28.0,0.0001,7.0387077,166.76906,68.594696,80.58595,96.02206,,20.85543,29.545193,,44.0,28.1,0.06
SBM,2024-11-17,56.0,39.0,45.0,33.0,0.0,9.384943,219.39815,59.263847,74.93465,82.71959,,19.986454,26.069286,,43.6,27.8,0.07
SBM,2024-11-18,54.0,31.0,50.0,29.0,0.46,6.7780147,120.77394,66.116776,82.81263,92.8002,,19.117477,32.152122,,43.1,27.4,0.07
SBM,2024-11-19,59.0,48.0,54.0,38.0,0.52,14.077415,194.83148,65.62981,79.86154,93.64554,,24.331335,37.36598,,42.7,27.1,0.07
SBM,2024-11-20,48.0,32.0,39.0,26.6,0.0001,9.819431,258.91132,51.081852,68.512794,81.85604,,19.117477,25.200312,,42.2,26.7,0.07
SBM,2024-11-21,42.0,32.0,37.0,27.0,0.14,11.991872,307.46014,75.84226,83.96118,96.12703,,26.069286,40.841885,,41.8,26.4,0.06
SBM,2024-11-22,47.0,41.0,38.0,34.0,0.0,10.25392,325.4923,68.017075,74.34718,82.295395,,19.117477,26.938263,,41.3,26.0,0.06
SBM,2024-11-23,44.0,37.0,35.0,31.0,0.0,5.2138577,286.6769,67.424904,73.60951,82.150665,,13.034643,17.379524,,40.9,25.7,0.07
SBM,2024-11-24,47.0,34.0,40.0,31.0,0.02,5.387653,84.49065,65.25839,79.04465,92.287315,,11.296691,16.51055,,40.5,25.4,0.06
SBM,2024-11-25,46.0,34.0,42.0,27.0,0.07,9.645637,322.94247,72.32339,85.6893,92.61395,,21.724405,30.41417,,40.0,25.0,0.06
SBM,2024-11-26,34.0,24.0,25.0,16.0,0.0,11.731179,275.4751,51.3567,64.71382,74.36039,,20.85543,30.41417,,39.6,24.7,0.06
SBM,2024-11-27,37.0,22.0,22.0,17.0,0.0,4.171086,359.04065,51.98681,71.38934,88.0248,,12.165668,14.772596,,39.2,24.4,0.07
SBM,2024-11-28,31.0,25.0,21.0,17.0,0.0001,10.080125,295.01697,60.388374,67.926636,74.56523,,15.641572,22.593382,,38.7,24.0,0.06
SBM,2024-11-29,25.0,20.0,16.0,9.0,0.0001,14.6856985,283.709,59.37859,64.792015,70.994545,,21.724405,31.283144,,38.3,23.7,0.07
SBM,2024-11-30,25.0,18.0,10.0,5.0,0.0001,12.860848,280.83685,47.696068,58.291195,67.45666,,20.85543,28.676216,,37.9,23.4,0.07
SBM,2024-12-01,24.0,16.0,14.0,8.0,0.0,10.340817,296.38556,62.085663,66.93694,73.51755,,18.2485,25.200312,,37.5,23.0,0.05
SBM,2024-12-02,32.0,21.0,22.0,13.0,0.0,7.820786,300.14307,55.669117,66.036606,73.94373,,13.90362,19.986454,,37.1,22.7,0.05
SBM,2024-12-03,34.0,26.0,22.0,16.0,0.0,9.819431,244.55406,55.820396,63.342484,74.56523,,19.986454,26.069286,,36.7,22.4,0.05
SBM,2024-12-04,35.0,13.0,30.0,0.0,0.01,15.554675,261.2205,50.895065,67.957825,85.10684,,31.283144,46.05574,,36.3,22.1,0.05
SBM,2024-12-05,30.0,12.0,15.0,0.0,0.0001,12.947746,300.4872,53.15234,62.436356,70.64859,,22.593382,35.628025,,35.9,21.7,0.05
SBM,2024-12-06,31.0,10.0,16.0,5.0,0.0,7.4731956,254.44865,51.03797,64.399925,80.68664,,17.379524,23.462358,,35.6,21.4,0.05
SBM,2024-12-07,49.0,19.0,28.0,15.0,0.0,9.819431,223.30699,43.60674,57.177364,80.767914,,17.379524,28.676216,,35.2,21.1,0.05
SBM,2024-12-08,45.0,34.0,40.0,29.0,0.0,5.9090385,271.66733,57.442577,71.834175,88.77747,,13.034643,19.117477,,34.8,20.8,0.06
SBM,2024-12-09,52.0,35.0,40.0,26.0,0.0,9.12425,247.3532,47.516262,66.18196,89.012985,,17.379524,22.593382,,34.5,20.5,0.05
SBM,2024-12-10,37.0,29.0,28.0,18.0,0.0,7.994581,292.42014,60.529972,71.847626,81.47782,,13.034643,17.379524,,34.1,20.1,0.05
SBM,2024-12-11,29.0,4.0,19.0,-7.0,0.0001,12.600156,287.8472,49.718246,63.03597,80.8487,,24.331335,37.36598,,33.8,19.8,0.05
SBM,2024-12-12,12.0,-1.0,-2.0,-12.0,0.0001,12.947746,281.88593,50.057808,57.22457,62.258293,,25.200312,37.36598,,33.4,19.5,0.05
SBM,2024-12-13,27.0,1.0,17.0,-8.0,0.0,4.6924715,296.70905,35.306778,62.68905,77.34337,,12.165668,19.986454,,33.1,19.2,0.04
SBM,2024-12-14,38.0,26.0,34.0,18.0,0.06,9.211148,123.52072,68.445625,74.40412,86.59301,,14.772596,23.462358,,32.8,18.9,0.05
SBM,2024-12-15,43.0,38.0,42.0,35.0,0.03,6.5173216,147.77487,85.41526,91.40707,96.22793,,13.034643,18.2485,,32.5,18.6,0.04
SBM,2024-12-16,43.0,38.0,41.0,29.0,0.0,10.080125,237.91809,67.062454,85.22653,96.21139,,21.724405,28.676216,,32.2,18.3,0.05
SBM,2024-12-17,38.0,28.0,28.0,23.0,0.0,9.819431,279.25668,63.849762,68.89506,81.32336,,21.724405,30.41417,,31.9,18.0,0.04
SBM,2024-12-18,31.0,20.0,24.0,10.0,0.0,7.994581,312.53693,56.929443,66.376434,77.98434,,13.034643,19.117477,,31.6,17.7,0.04
SBM,2024-12-19,33.0,19.0,31.0,9.0,0.49,3.215212,107.86498,61.80428,77.43011,92.8597,,12.165668,17.379524,,31.3,17.4,0.04
SBM,2024-12-20,32.0,12.0,29.0,5.0,0.04,9.211148,358.3541,62.64032,73.10054,88.534485,,15.641572,24.331335,,31.1,17.1,0.04
SBM,2024-12-21,19.0,3.0,8.0,-1.0,0.0,5.6483455,321.41113,61.662563,73.79955,82.9655,,10.427715,13.034643,,30.8,16.8,0.05
SBM,2024-12-22,34.0,5.0,27.0,2.0,0.0,8.515967,182.97144,47.863262,70.953064,87.13766,,20.85543,27.80724,,30.5,16.5,0.04
SBM,2024-12-23,37.0,32.0,31.0,24.0,0.09,6.430424,202.2783,69.16065,78.8363,92.25349,,18.2485,23.462358,,30.3,16.3,0.04
SBM,2024-12-24,33.0,24.0,24.0,19.0,0.0,5.2138577,345.3373,68.56635,72.14267,81.088165,,13.90362,19.986454,,30.1,16.0,0.04
SBM,2024-12-25,34.0,6.0,25.0,5.0,0.0,2.1724405,5.0253844,60.95084,76.29543,95.63978,,7.820786,9.558739,,29.8,15.7,0.04
SBM,2024-12-26,42.0,31.0,40.0,25.0,0.0,3.9972906,149.39198,78.16274,90.92167,96.17797,,10.427715,14.772596,,29.6,15.4,0.04
SBM,2024-12-27,46.0,40.0,44.6,39.0,0.3,7.2994003,138.74103,85.71448,91.52575,96.26069,,12.165668,19.986454,,29.4,15.2,0.03
SBM,2024-12-28,50.0,37.0,44.6,35.0,0.04,11.470487,232.99274,65.752426,79.792015,100.0,,22.593382,32.152122,,29.2,14.9,0.04
SBM,2024-12-29,39.0,33.0,35.0,31.0,0.0,2.5200312,353.19452,88.6326,91.43645,96.109825,,6.95181,,,29.0,14.7,0.04
SBM,2024-12-30,50.0,29.0,31.0,26.0,0.0,6.082834,267.4632,42.161484,63.01147,84.85323,,12.165668,19.986454,,28.8,14.4,0.03
SBM,2024-12-31,36.0,31.0,33.0,25.0,0.0,9.037353,340.8942,72.10786,78.235985,88.729485,,14.772596,19.986454,,28.6,14.2,0.04